yyyy-mm-dd,Homogenized Daily Mean Temperature [Deg Celcius]
1926-01-01,-0.5a
1926-01-02,-2.1a
1926-01-03,-1.3a
1926-01-04,-0.5a
1926-01-05,-0.2a
1926-01-06,-0.7a
1926-01-07,-0.4a
1926-01-08,-1.0a
1926-01-09,-1.1a
1926-01-10,-0.5a
1926-01-11,-0.4a
1926-01-12,-1.8a
1926-01-13,-0.7a
1926-01-14,-0.8a
1926-01-15,1.0a
1926-01-16,1.0a
1926-01-17,3.1a
1926-01-18,0.4a
1926-01-19,-1.6a
1926-01-20,-1.6a
1926-01-21,-0.2a
1926-01-22,-0.8a
1926-01-23,1.2a
1926-01-24,1.2a
1926-01-25,0.9a
1926-01-26,-0.2a
1926-01-27,-0.7a
1926-01-28,-1.5a
1926-01-29,0.4a
1926-01-30,0.7a
1926-01-31,0.2a
1926-02-01,0.2a
1926-02-02,1.3a
1926-02-03,1.6a
1926-02-04,2.3a
1926-02-05,3.9a
1926-02-06,5.4a
1926-02-07,6.2a
1926-02-08,6.3a
1926-02-09,3.5a
1926-02-10,6.2a
1926-02-11,3.2a
1926-02-12,2.3a
1926-02-13,3.2a
1926-02-14,3.1a
1926-02-15,3.9a
1926-02-16,1.2a
1926-02-17,1.7a
1926-02-18,1.8a
1926-02-19,3.7a
1926-02-20,4.0a
1926-02-21,4.6a
1926-02-22,6.2a
1926-02-23,3.2a
1926-02-24,4.5a
1926-02-25,4.8a
1926-02-26,3.7a
1926-02-27,9.0a
1926-02-28,4.8a-9999.9M-9999.9M-9999.9M
1926-03-01,3.7a
1926-03-02,3.8a
1926-03-03,6.5a
1926-03-04,6.5a
1926-03-05,3.0a
1926-03-06,1.3a
1926-03-07,2.9a
1926-03-08,2.6a
1926-03-09,4.3a
1926-03-10,2.6a
1926-03-11,5.7a
1926-03-12,6.0a
1926-03-13,6.5a
1926-03-14,5.7a
1926-03-15,6.8a
1926-03-16,9.3a
1926-03-17,7.1a
1926-03-18,7.6a
1926-03-19,8.4a
1926-03-20,10.3a
1926-03-21,7.1a
1926-03-22,10.9a
1926-03-23,10.9a
1926-03-24,4.9a
1926-03-25,6.2a
1926-03-26,7.9a
1926-03-27,8.0a
1926-03-28,9.7a
1926-03-29,5.4a
1926-03-30,8.7a
1926-03-31,7.7a
1926-04-01,5.7a
1926-04-02,0.7a
1926-04-03,2.1a
1926-04-04,4.0a
1926-04-05,6.3a
1926-04-06,5.7a
1926-04-07,7.0a
1926-04-08,11.1a
1926-04-09,11.3a
1926-04-10,12.3a
1926-04-11,10.2a
1926-04-12,10.9a
1926-04-13,11.8a
1926-04-14,13.3a
1926-04-15,14.7a
1926-04-16,15.7a
1926-04-17,13.4a
1926-04-18,13.3a
1926-04-19,10.8a
1926-04-20,12.6a
1926-04-21,10.9a
1926-04-22,9.5a
1926-04-23,8.2a
1926-04-24,10.4a
1926-04-25,12.3a
1926-04-26,15.5a
1926-04-27,16.4a
1926-04-28,15.2a
1926-04-29,14.0a
1926-04-30,16.8a-9999.9M
1926-05-01,12.7a
1926-05-02,12.1a
1926-05-03,13.8a
1926-05-04,11.9a
1926-05-05,8.7a
1926-05-06,9.0a
1926-05-07,10.5a
1926-05-08,9.6a
1926-05-09,11.5a
1926-05-10,13.7a
1926-05-11,15.7a
1926-05-12,17.8a
1926-05-13,18.8a
1926-05-14,16.0a
1926-05-15,12.5a
1926-05-16,12.0a
1926-05-17,15.0a
1926-05-18,15.2a
1926-05-19,16.8a
1926-05-20,15.4a
1926-05-21,13.1a
1926-05-22,12.2a
1926-05-23,10.0a
1926-05-24,11.1a
1926-05-25,13.5a
1926-05-26,12.6a
1926-05-27,13.2a
1926-05-28,13.3a
1926-05-29,13.2a
1926-05-30,12.7a
1926-05-31,12.2a
1926-06-01,14.2a
1926-06-02,14.8a
1926-06-03,19.3a
1926-06-04,20.9a
1926-06-05,23.3a
1926-06-06,19.9a
1926-06-07,21.9a
1926-06-08,18.7a
1926-06-09,13.7a
1926-06-10,13.1a
1926-06-11,13.3a
1926-06-12,13.0a
1926-06-13,15.6a-9999.9M
1926-06-14,18.2a
1926-06-15,15.7a
1926-06-16,19.0a
1926-06-17,16.3a
1926-06-18,15.8a
1926-06-19,17.2a
1926-06-20,17.1a
1926-06-21,19.7a
1926-06-22,19.9a
1926-06-23,23.6a
1926-06-24,24.8a
1926-06-25,23.9a
1926-06-26,20.2a
1926-06-27,21.0a
1926-06-28,22.9a
1926-06-29,25.3a-9999.9M
1926-07-01,22.3a
1926-07-02,23.9a
1926-07-03,25.8a
1926-07-04,29.4a
1926-07-05,28.9a
1926-07-06,28.3a
1926-07-07,23.6a
1926-07-08,24.1a
1926-07-09,25.9a
1926-07-10,30.6a
1926-07-11,28.7a
1926-07-12,25.8a
1926-07-13,24.5a
1926-07-14,26.9a
1926-07-15,22.5a
1926-07-16,18.8a
1926-07-17,22.0a
1926-07-18,19.4a
1926-07-19,18.8a
1926-07-20,20.7a
1926-07-21,21.4a
1926-07-22,21.7a
1926-07-23,23.4a
1926-07-24,25.3a
1926-07-25,23.1a
1926-07-26,21.1a
1926-07-27,16.8a
1926-07-28,19.0a
1926-07-29,21.9a
1926-07-30,23.4a
1926-07-31,21.5a
1926-08-01,-9999.9M-9999.9M-9999.9M-9999.9M-9999.9M-9999.9M-9999.9M-9999.9M-9999.9M-9999.9M-9999.9M-9999.9M-9999.9M-9999.9M-9999.9M-9999.9M-9999.9M-9999.9M-9999.9M-9999.9M-9999.9M-9999.9M-9999.9M-9999.9M-9999.9M-9999.9M-9999.9M-9999.9M-9999.9M-9999.9M-9999.9M
1926-09-01,-9999.9M-9999.9M-9999.9M-9999.9M-9999.9M-9999.9M-9999.9M-9999.9M-9999.9M-9999.9M-9999.9M-9999.9M-9999.9M-9999.9M-9999.9M-9999.9M-9999.9M-9999.9M-9999.9M-9999.9M-9999.9M-9999.9M-9999.9M-9999.9M-9999.9M-9999.9M-9999.9M-9999.9M-9999.9M-9999.9M-9999.9M
1926-10-01,10.0a
1926-10-02,11.6a
1926-10-03,12.2a
1926-10-04,10.6a
1926-10-05,11.2a
1926-10-06,10.1a
1926-10-07,10.5a
1926-10-08,9.3a
1926-10-09,7.8a
1926-10-10,11.3a
1926-10-11,11.3a
1926-10-12,11.5a
1926-10-13,9.2a
1926-10-14,9.8a
1926-10-15,12.2a
1926-10-16,14.3a
1926-10-17,16.7a
1926-10-18,11.6a
1926-10-19,7.4a
1926-10-20,9.7a
1926-10-21,8.1a
1926-10-22,7.4a
1926-10-23,6.5a
1926-10-24,13.3a
1926-10-25,11.7a
1926-10-26,8.4a
1926-10-27,10.0a
1926-10-28,9.1a
1926-10-29,8.9a
1926-10-30,6.0a
1926-10-31,3.7a
1926-11-01,3.7a
1926-11-02,3.2a
1926-11-03,2.6a
1926-11-04,4.6a
1926-11-05,7.7a
1926-11-06,10.6a
1926-11-07,10.3a
1926-11-08,7.9a
1926-11-09,6.3a
1926-11-10,5.7a
1926-11-11,6.5a
1926-11-12,6.3a
1926-11-13,6.2a
1926-11-14,8.7a
1926-11-15,4.1a
1926-11-16,3.2a
1926-11-17,3.5a
1926-11-18,2.6a
1926-11-19,1.5a
1926-11-20,-2.5a
1926-11-21,0.2a
1926-11-22,2.0a
1926-11-23,3.2a
1926-11-24,4.3a
1926-11-25,3.5a
1926-11-26,1.8a
1926-11-27,3.1a
1926-11-28,5.4a
1926-11-29,8.7a
1926-11-30,7.2a-9999.9M
1926-12-01,7.9a
1926-12-02,6.9a
1926-12-03,2.6a
1926-12-04,3.2a
1926-12-05,2.9a
1926-12-06,3.2a
1926-12-07,3.4a
1926-12-08,3.2a
1926-12-09,3.5a
1926-12-10,3.5a
1926-12-11,2.9a
1926-12-12,-3.5a
1926-12-13,-10.7a
1926-12-14,-13.2a
1926-12-15,-9.0a
1926-12-16,-5.6a
1926-12-17,-4.4a
1926-12-18,-1.2a
1926-12-19,-1.8a
1926-12-20,0.1a
1926-12-21,1.2a
1926-12-22,-2.2a
1926-12-23,-6.8a
1926-12-24,-4.0a
1926-12-25,-2.8a
1926-12-26,-2.8a
1926-12-27,-1.0a
1926-12-28,1.2a
1926-12-29,4.0a
1926-12-30,2.3a
1926-12-31,2.8a
1927-01-01,4.0a
1927-01-02,4.8a
1927-01-03,4.0a
1927-01-04,4.5a
1927-01-05,2.0a
1927-01-06,-1.0a
1927-01-07,2.1a
1927-01-08,0.4a
1927-01-09,0.4a
1927-01-10,-1.6a
1927-01-11,-2.7a
1927-01-12,-5.4a
1927-01-13,-7.1a
1927-01-14,-7.9a
1927-01-15,-3.4a
1927-01-16,-0.1a
1927-01-17,0.2a
1927-01-18,-7.6a
1927-01-19,-14.6a
1927-01-20,-15.4a
1927-01-21,-15.1a
1927-01-22,-12.3a
1927-01-23,-8.7a
1927-01-24,-4.8a
1927-01-25,-2.4a
1927-01-26,0.4a
1927-01-27,2.0a
1927-01-28,3.5a
1927-01-29,2.0a
1927-01-30,0.4a
1927-01-31,0.4a
1927-02-01,-0.2a
1927-02-02,2.6a
1927-02-03,4.0a
1927-02-04,2.0a
1927-02-05,2.0a
1927-02-06,-1.8a
1927-02-07,-4.2a
1927-02-08,-3.4a
1927-02-09,-2.1a
1927-02-10,-1.0a
1927-02-11,-0.5a
1927-02-12,-1.8a
1927-02-13,-1.6a
1927-02-14,-1.0a
1927-02-15,-2.5a
1927-02-16,-7.9a
1927-02-17,-9.0a
1927-02-18,-6.3a
1927-02-19,0.2a
1927-02-20,3.2a
1927-02-21,6.0a
1927-02-22,5.1a
1927-02-23,2.0a
1927-02-24,1.8a
1927-02-25,1.5a
1927-02-26,2.3a
1927-02-27,0.7a
1927-02-28,0.2a-9999.9M-9999.9M-9999.9M
1927-03-01,3.7a
1927-03-02,4.0a
1927-03-03,0.7a
1927-03-04,1.3a
1927-03-05,3.9a
1927-03-06,8.6a
1927-03-07,4.3a
1927-03-08,2.6a
1927-03-09,0.1a
1927-03-10,2.9a
1927-03-11,0.9a
1927-03-12,6.7a
1927-03-13,6.0a
1927-03-14,3.4a
1927-03-15,5.4a
1927-03-16,1.6a
1927-03-17,3.1a
1927-03-18,2.9a
1927-03-19,1.8a
1927-03-20,3.7a
1927-03-21,8.2a
1927-03-22,5.1a
1927-03-23,8.2a
1927-03-24,4.8a
1927-03-25,3.5a
1927-03-26,4.8a
1927-03-27,3.2a
1927-03-28,5.5a
1927-03-29,4.8a
1927-03-30,3.7a
1927-03-31,6.5a
1927-04-01,8.1a
1927-04-02,7.7a
1927-04-03,9.8a
1927-04-04,10.8a
1927-04-05,5.9a
1927-04-06,6.8a
1927-04-07,6.2a
1927-04-08,4.5a
1927-04-09,6.2a
1927-04-10,5.3a
1927-04-11,6.9a
1927-04-12,7.9a
1927-04-13,9.3a
1927-04-14,8.7a
1927-04-15,7.3a
1927-04-16,10.4a
1927-04-17,6.3a
1927-04-18,2.7a
1927-04-19,1.6a
1927-04-20,1.8a
1927-04-21,6.5a
1927-04-22,11.4a
1927-04-23,9.1a
1927-04-24,14.4a
1927-04-25,15.0a
1927-04-26,12.3a
1927-04-27,12.4a
1927-04-28,8.4a
1927-04-29,6.5a
1927-04-30,4.8a-9999.9M
1927-05-01,6.2a
1927-05-02,8.1a
1927-05-03,7.6a
1927-05-04,9.7a
1927-05-05,9.4a
1927-05-06,9.1a
1927-05-07,9.0a
1927-05-08,11.6a
1927-05-09,13.6a
1927-05-10,11.4a
1927-05-11,9.5a
1927-05-12,13.4a
1927-05-13,10.6a
1927-05-14,11.6a
1927-05-15,20.6a
1927-05-16,15.1a
1927-05-17,11.2a
1927-05-18,8.7a
1927-05-19,9.8a
1927-05-20,12.0a
1927-05-21,14.7a
1927-05-22,13.8a
1927-05-23,14.4a
1927-05-24,13.8a
1927-05-25,8.8a
1927-05-26,9.6a
1927-05-27,12.3a
1927-05-28,11.6a
1927-05-29,14.8a
1927-05-30,14.4a
1927-05-31,15.8a
1927-06-01,14.0a
1927-06-02,15.9a
1927-06-03,14.7a
1927-06-04,18.3a
1927-06-05,19.1a
1927-06-06,20.5a
1927-06-07,21.6a
1927-06-08,20.0a
1927-06-09,20.3a
1927-06-10,16.6a
1927-06-11,17.2a
1927-06-12,19.1a
1927-06-13,18.6a
1927-06-14,19.2a
1927-06-15,16.8a
1927-06-16,21.4a
1927-06-17,21.1a
1927-06-18,17.6a
1927-06-19,16.5a
1927-06-20,20.5a
1927-06-21,22.2a
1927-06-22,22.3a
1927-06-23,18.9a
1927-06-24,18.8a
1927-06-25,20.3a
1927-06-26,19.2a
1927-06-27,20.5a
1927-06-28,20.5a
1927-06-29,14.9a
1927-06-30,14.9a-9999.9M
1927-07-01,15.9a
1927-07-02,18.5a
1927-07-03,17.2a
1927-07-04,15.2a
1927-07-05,18.4a
1927-07-06,18.5a
1927-07-07,21.9a
1927-07-08,21.4a
1927-07-09,17.6a
1927-07-10,15.7a
1927-07-11,19.7a
1927-07-12,18.9a
1927-07-13,19.4a
1927-07-14,19.2a
1927-07-15,20.9a
1927-07-16,24.5a
1927-07-17,25.0a
1927-07-18,23.0a
1927-07-19,23.1a
1927-07-20,23.1a
1927-07-21,25.0a
1927-07-22,26.4a
1927-07-23,26.7a
1927-07-24,27.5a
1927-07-25,28.9a
1927-07-26,25.3a
1927-07-27,22.2a
1927-07-28,23.6a
1927-07-29,24.5a
1927-07-30,24.5a
1927-07-31,24.2a
1927-08-01,23.4a
1927-08-02,25.0a
1927-08-03,25.6a
1927-08-04,25.8a
1927-08-05,25.8a
1927-08-06,24.7a
1927-08-07,24.5a
1927-08-08,24.8a
1927-08-09,23.4a
1927-08-10,22.8a
1927-08-11,22.8a
1927-08-12,17.9a
1927-08-13,21.9a
1927-08-14,23.0a
1927-08-15,23.1a
1927-08-16,23.1a
1927-08-17,19.2a
1927-08-18,22.5a
1927-08-19,19.4a
1927-08-20,20.5a
1927-08-21,21.4a
1927-08-22,22.8a
1927-08-23,23.4a
1927-08-24,21.1a
1927-08-25,20.4a
1927-08-26,19.9a
1927-08-27,19.6a
1927-08-28,16.4a
1927-08-29,17.3a
1927-08-30,15.4a
1927-08-31,13.8a
1927-09-01,15.4a
1927-09-02,14.3a
1927-09-03,18.0a
1927-09-04,18.9a
1927-09-05,16.5a
1927-09-06,10.6a
1927-09-07,11.4a
1927-09-08,11.3a
1927-09-09,14.1a
1927-09-10,14.4a
1927-09-11,17.2a
1927-09-12,14.6a
1927-09-13,14.6a
1927-09-14,13.6a
1927-09-15,12.2a
1927-09-16,14.0a
1927-09-17,13.2a
1927-09-18,13.4a
1927-09-19,14.1a
1927-09-20,15.5a
1927-09-21,15.9a
1927-09-22,17.2a
1927-09-23,15.0a
1927-09-24,15.1a
1927-09-25,18.2a
1927-09-26,16.8a
1927-09-27,15.2a
1927-09-28,15.0a
1927-09-29,12.2a
1927-09-30,11.7a-9999.9M
1927-10-01,10.0a
1927-10-02,9.5a
1927-10-03,5.1a
1927-10-04,6.3a
1927-10-05,7.1a
1927-10-06,10.6a
1927-10-07,11.1a
1927-10-08,10.5a
1927-10-09,11.9a
1927-10-10,9.8a
1927-10-11,5.7a
1927-10-12,7.5a
1927-10-13,11.6a
1927-10-14,8.2a
1927-10-15,10.6a
1927-10-16,11.8a
1927-10-17,12.9a
1927-10-18,13.0a
1927-10-19,15.5a
1927-10-20,9.1a
1927-10-21,12.5a
1927-10-22,15.5a
1927-10-23,12.2a
1927-10-24,6.5a
1927-10-25,6.8a
1927-10-26,7.5a
1927-10-27,8.6a
1927-10-28,8.6a
1927-10-29,8.7a
1927-10-30,8.4a
1927-10-31,4.8a
1927-11-01,3.2a
1927-11-02,4.3a
1927-11-03,6.0a
1927-11-04,5.8a
1927-11-05,6.8a
1927-11-06,4.3a
1927-11-07,1.7a
1927-11-08,4.5a
1927-11-09,1.5a
1927-11-10,2.7a
1927-11-11,-2.6a
1927-11-12,-0.8a
1927-11-13,-3.2a
1927-11-14,-1.8a
1927-11-15,-4.8a
1927-11-16,-1.5a
1927-11-17,2.9a
1927-11-18,2.9a
1927-11-19,2.6a
1927-11-20,3.2a
1927-11-21,-0.7a
1927-11-22,-0.2a
1927-11-23,4.8a
1927-11-24,5.4a
1927-11-25,5.1a
1927-11-26,-0.4a
1927-11-27,1.5a
1927-11-28,2.0a
1927-11-29,1.5a
1927-11-30,1.7a-9999.9M
1927-12-01,2.9a
1927-12-02,8.1a
1927-12-03,5.4a
1927-12-04,4.8a
1927-12-05,4.3a
1927-12-06,-1.1a
1927-12-07,-2.7a
1927-12-08,-5.1a
1927-12-09,-9.6a
1927-12-10,-15.1a
1927-12-11,-11.8a
1927-12-12,-8.2a
1927-12-13,-8.5a
1927-12-14,-12.9a
1927-12-15,-9.3a
1927-12-16,-5.4a
1927-12-17,-7.3a
1927-12-18,-1.9a
1927-12-19,-2.5a
1927-12-20,-3.2a
1927-12-21,-3.5a
1927-12-22,-3.4a
1927-12-23,-3.0a
1927-12-24,-1.6a
1927-12-25,1.0a
1927-12-26,0.9a
1927-12-27,1.0a
1927-12-28,-5.4a
1927-12-29,-14.0a
1927-12-30,-17.3a
1927-12-31,-18.5a
1928-01-01,-15.7a
1928-01-02,-12.3a
1928-01-03,-7.1a
1928-01-04,-1.9a
1928-01-05,1.0a
1928-01-06,2.0a
1928-01-07,0.4a
1928-01-08,3.4a
1928-01-09,3.4a
1928-01-10,3.2a
1928-01-11,3.5a
1928-01-12,9.5a
1928-01-13,4.5a
1928-01-14,-0.4a
1928-01-15,-4.0a
1928-01-16,-5.7a
1928-01-17,-3.0a
1928-01-18,-2.1a
1928-01-19,-2.4a
1928-01-20,-5.7a
1928-01-21,-4.5a
1928-01-22,-1.8a
1928-01-23,-1.8a
1928-01-24,-2.1a
1928-01-25,-1.8a
1928-01-26,-1.5a
1928-01-27,-0.7a
1928-01-28,1.7a
1928-01-29,2.3a
1928-01-30,2.6a
1928-01-31,3.7a
1928-02-01,2.0a
1928-02-02,2.6a
1928-02-03,2.9a
1928-02-04,4.3a
1928-02-05,3.7a
1928-02-06,4.6a
1928-02-07,2.9a
1928-02-08,1.6a
1928-02-09,2.7a
1928-02-10,3.8a
1928-02-11,4.0a
1928-02-12,1.2a
1928-02-13,2.3a
1928-02-14,3.0a
1928-02-15,2.9a
1928-02-16,1.0a
1928-02-17,0.9a
1928-02-18,0.7a
1928-02-19,0.4a
1928-02-20,1.0a
1928-02-21,0.4a
1928-02-22,-0.9a
1928-02-23,-5.7a
1928-02-24,-6.0a
1928-02-25,-3.2a
1928-02-26,0.7a
1928-02-27,1.2a
1928-02-28,-1.2a
1928-02-29,-2.0a-9999.9M-9999.9M
1928-03-01,-1.5a
1928-03-02,-0.6a
1928-03-03,-0.3a
1928-03-04,2.7a
1928-03-05,3.7a
1928-03-06,7.0a
1928-03-07,6.8a
1928-03-08,4.3a
1928-03-09,5.4a
1928-03-10,7.1a
1928-03-11,7.9a
1928-03-12,4.8a
1928-03-13,2.6a
1928-03-14,0.7a
1928-03-15,2.0a
1928-03-16,5.7a
1928-03-17,3.2a
1928-03-18,5.1a
1928-03-19,5.9a
1928-03-20,8.2a
1928-03-21,7.1a
1928-03-22,10.0a
1928-03-23,6.0a
1928-03-24,6.8a
1928-03-25,6.5a
1928-03-26,2.6a
1928-03-27,5.1a
1928-03-28,7.3a
1928-03-29,7.0a
1928-03-30,9.0a
1928-03-31,7.7a
1928-04-01,7.3a
1928-04-02,3.7a
1928-04-03,5.4a
1928-04-04,6.3a
1928-04-05,4.8a
1928-04-06,4.3a
1928-04-07,4.0a
1928-04-08,7.9a
1928-04-09,10.1a
1928-04-10,7.3a
1928-04-11,5.9a
1928-04-12,6.5a
1928-04-13,6.2a
1928-04-14,7.6a
1928-04-15,6.2a
1928-04-16,4.5a
1928-04-17,8.8a
1928-04-18,7.6a
1928-04-19,7.0a
1928-04-20,7.0a
1928-04-21,10.0a
1928-04-22,10.4a
1928-04-23,12.8a
1928-04-24,11.4a
1928-04-25,11.4a
1928-04-26,12.0a
1928-04-27,11.3a
1928-04-28,8.9a
1928-04-29,8.7a
1928-04-30,8.6a-9999.9M
1928-05-01,9.0a
1928-05-02,10.0a
1928-05-03,8.2a
1928-05-04,7.3a
1928-05-05,12.6a
1928-05-06,14.9a
1928-05-07,14.4a
1928-05-08,12.7a
1928-05-09,12.8a
1928-05-10,14.0a
1928-05-11,14.1a
1928-05-12,13.9a
1928-05-13,14.2a
1928-05-14,15.1a
1928-05-15,15.4a
1928-05-16,15.8a
1928-05-17,15.4a
1928-05-18,17.9a
1928-05-19,19.0a
1928-05-20,19.9a
1928-05-21,21.4a
1928-05-22,20.6a
1928-05-23,16.9a
1928-05-24,20.1a
1928-05-25,19.4a
1928-05-26,18.2a
1928-05-27,18.4a
1928-05-28,11.8a
1928-05-29,12.2a
1928-05-30,12.5a
1928-05-31,9.9a
1928-06-01,15.2a
1928-06-02,14.1a
1928-06-03,15.8a
1928-06-04,15.9a
1928-06-05,16.8a
1928-06-06,12.5a
1928-06-07,12.7a
1928-06-08,14.7a
1928-06-09,16.4a
1928-06-10,17.6a
1928-06-11,18.2a
1928-06-12,18.3a
1928-06-13,18.5a
1928-06-14,14.9a
1928-06-15,12.1a
1928-06-16,15.7a
1928-06-17,15.4a
1928-06-18,16.8a
1928-06-19,17.9a
1928-06-20,18.0a
1928-06-21,16.8a
1928-06-22,19.9a
1928-06-23,21.7a
1928-06-24,23.1a
1928-06-25,23.6a
1928-06-26,23.6a
1928-06-27,20.8a
1928-06-28,19.0a
1928-06-29,17.5a
1928-06-30,19.2a-9999.9M
1928-07-01,20.9a
1928-07-02,20.3a
1928-07-03,20.6a
1928-07-04,16.9a
1928-07-05,16.0a
1928-07-06,18.6a
1928-07-07,19.8a
1928-07-08,20.3a
1928-07-09,20.4a
1928-07-10,18.8a
1928-07-11,23.4a
1928-07-12,23.3a
1928-07-13,19.7a
1928-07-14,17.4a
1928-07-15,20.7a
1928-07-16,21.1a
1928-07-17,22.5a
1928-07-18,19.7a
1928-07-19,19.9a
1928-07-20,19.4a
1928-07-21,23.9a
1928-07-22,26.4a
1928-07-23,27.2a
1928-07-24,27.5a
1928-07-25,27.2a
1928-07-26,27.2a
1928-07-27,27.2a
1928-07-28,27.8a
1928-07-29,25.9a
1928-07-30,24.5a
1928-07-31,23.4a
1928-08-01,22.2a
1928-08-02,22.2a
1928-08-03,22.5a
1928-08-04,25.3a
1928-08-05,21.7a
1928-08-06,21.7a
1928-08-07,21.4a
1928-08-08,23.9a
1928-08-09,24.8a
1928-08-10,24.5a
1928-08-11,21.2a
1928-08-12,17.7a
1928-08-13,17.6a
1928-08-14,16.9a
1928-08-15,18.1a
1928-08-16,20.7a
1928-08-17,22.5a
1928-08-18,21.9a
1928-08-19,19.4a
1928-08-20,21.1a
1928-08-21,22.5a
1928-08-22,24.2a
1928-08-23,23.7a
1928-08-24,22.2a
1928-08-25,19.1a
1928-08-26,17.8a
1928-08-27,18.2a
1928-08-28,18.2a
1928-08-29,18.5a
1928-08-30,21.2a
1928-08-31,20.7a
1928-09-01,22.2a
1928-09-02,23.1a
1928-09-03,25.6a
1928-09-04,21.1a
1928-09-05,19.4a
1928-09-06,20.3a
1928-09-07,14.5a
1928-09-08,14.2a
1928-09-09,15.1a
1928-09-10,16.4a
1928-09-11,16.3a
1928-09-12,15.7a
1928-09-13,13.1a
1928-09-14,16.6a
1928-09-15,14.7a
1928-09-16,13.1a
1928-09-17,18.6a
1928-09-18,17.5a
1928-09-19,12.2a
1928-09-20,12.3a
1928-09-21,14.3a
1928-09-22,15.4a
1928-09-23,17.4a
1928-09-24,18.3a
1928-09-25,18.3a
1928-09-26,17.7a
1928-09-27,16.9a
1928-09-28,16.4a
1928-09-29,17.5a
1928-09-30,15.8a-9999.9M
1928-10-01,11.9a
1928-10-02,12.0a
1928-10-03,9.9a
1928-10-04,10.6a
1928-10-05,12.3a
1928-10-06,12.2a
1928-10-07,11.0a
1928-10-08,11.1a
1928-10-09,13.3a
1928-10-10,8.7a
1928-10-11,6.5a
1928-10-12,6.5a
1928-10-13,6.5a
1928-10-14,8.0a
1928-10-15,10.9a
1928-10-16,12.7a
1928-10-17,13.3a
1928-10-18,8.3a
1928-10-19,6.5a
1928-10-20,5.6a
1928-10-21,3.5a
1928-10-22,12.4a
1928-10-23,8.4a
1928-10-24,4.8a
1928-10-25,8.6a
1928-10-26,7.1a
1928-10-27,4.3a
1928-10-28,5.1a
1928-10-29,4.5a
1928-10-30,5.7a
1928-10-31,7.4a
1928-11-01,4.3a
1928-11-02,3.4a
1928-11-03,6.8a
1928-11-04,5.1a
1928-11-05,5.1a
1928-11-06,4.3a
1928-11-07,4.8a
1928-11-08,4.8a
1928-11-09,5.4a
1928-11-10,4.6a
1928-11-11,5.4a
1928-11-12,7.3a
1928-11-13,4.9a
1928-11-14,3.4a
1928-11-15,4.3a
1928-11-16,3.7a
1928-11-17,2.6a
1928-11-18,2.7a
1928-11-19,1.5a
1928-11-20,6.0a
1928-11-21,4.8a
1928-11-22,3.7a
1928-11-23,2.6a
1928-11-24,2.9a
1928-11-25,3.1a
1928-11-26,2.9a
1928-11-27,3.4a
1928-11-28,2.9a
1928-11-29,1.7a
1928-11-30,1.0a-9999.9M
1928-12-01,0.5a
1928-12-02,-0.8a
1928-12-03,-4.9a
1928-12-04,-6.5a
1928-12-05,-5.1a
1928-12-06,-5.1a
1928-12-07,-1.4a
1928-12-08,1.0a
1928-12-09,5.1a
1928-12-10,3.2a
1928-12-11,4.3a
1928-12-12,3.7a
1928-12-13,1.3a
1928-12-14,-1.0a
1928-12-15,0.4a
1928-12-16,-0.5a
1928-12-17,-1.0a
1928-12-18,-1.5a
1928-12-19,-1.2a
1928-12-20,-1.5a
1928-12-21,-1.0a
1928-12-22,-0.8a
1928-12-23,-0.8a
1928-12-24,-0.5a
1928-12-25,0.1a
1928-12-26,0.1a
1928-12-27,-0.4a
1928-12-28,-1.8a
1928-12-29,0.7a
1928-12-30,1.7a
1928-12-31,-1.0a
1929-01-01,-2.2a
1929-01-02,0.2a
1929-01-03,1.4a
1929-01-04,-3.4a
1929-01-05,-4.5a
1929-01-06,-3.4a
1929-01-07,-3.7a
1929-01-08,-1.0a
1929-01-09,-2.7a
1929-01-10,-2.4a
1929-01-11,-3.3a
1929-01-12,-2.7a
1929-01-13,-2.3a
1929-01-14,-1.0a
1929-01-15,-1.0a
1929-01-16,-1.9a
1929-01-17,-1.6a
1929-01-18,-4.8a
1929-01-19,-8.5a
1929-01-20,-10.1a
1929-01-21,-7.0a
1929-01-22,-9.6a
1929-01-23,-13.7a
1929-01-24,-10.9a
1929-01-25,-9.6a
1929-01-26,-9.6a
1929-01-27,-17.6a
1929-01-28,-19.3a
1929-01-29,-19.0a
1929-01-30,-18.5a
1929-01-31,-16.5a
1929-02-01,-12.6a
1929-02-02,-10.1a
1929-02-03,-11.5a
1929-02-04,-13.4a
1929-02-05,-7.9a
1929-02-06,-11.8a
1929-02-07,-11.8a
1929-02-08,-11.0a
1929-02-09,-9.6a
1929-02-10,-9.6a
1929-02-11,-7.4a
1929-02-12,-6.0a
1929-02-13,-6.8a
1929-02-14,-6.2a
1929-02-15,-3.1a
1929-02-16,0.5a
1929-02-17,-3.2a
1929-02-18,-10.1a
1929-02-19,-5.7a
1929-02-20,-2.8a
1929-02-21,-5.1a
1929-02-22,0.1a
1929-02-23,-0.4a
1929-02-24,2.4a
1929-02-25,3.2a
1929-02-26,3.4a
1929-02-27,2.1a
1929-02-28,0.5a-9999.9M-9999.9M-9999.9M
1929-03-01,4.8a
1929-03-02,6.5a
1929-03-03,5.7a
1929-03-04,2.0a
1929-03-05,5.9a
1929-03-06,4.3a
1929-03-07,3.8a
1929-03-08,4.3a
1929-03-09,4.8a
1929-03-10,4.2a
1929-03-11,4.2a
1929-03-12,3.4a
1929-03-13,2.9a
1929-03-14,3.5a
1929-03-15,4.0a
1929-03-16,4.3a
1929-03-17,3.7a
1929-03-18,3.8a
1929-03-19,4.9a
1929-03-20,6.5a
1929-03-21,1.7a
1929-03-22,3.7a
1929-03-23,4.2a
1929-03-24,3.7a
1929-03-25,5.7a
1929-03-26,5.9a
1929-03-27,6.8a
1929-03-28,7.3a
1929-03-29,4.3a
1929-03-30,3.2a
1929-03-31,2.6a
1929-04-01,4.9a
1929-04-02,7.9a
1929-04-03,5.4a
1929-04-04,3.1a
1929-04-05,3.2a
1929-04-06,0.8a
1929-04-07,2.6a
1929-04-08,2.7a
1929-04-09,1.3a
1929-04-10,4.5a
1929-04-11,6.2a
1929-04-12,7.6a
1929-04-13,8.5a
1929-04-14,8.5a
1929-04-15,9.3a
1929-04-16,9.0a
1929-04-17,7.9a
1929-04-18,7.0a
1929-04-19,7.6a
1929-04-20,10.0a
1929-04-21,8.5a
1929-04-22,10.7a
1929-04-23,10.7a
1929-04-24,9.8a
1929-04-25,10.9a
1929-04-26,13.4a
1929-04-27,13.3a
1929-04-28,11.8a
1929-04-29,9.5a
1929-04-30,10.9a-9999.9M
1929-05-01,9.0a
1929-05-02,8.8a
1929-05-03,9.2a
1929-05-04,7.9a
1929-05-05,11.2a
1929-05-06,9.9a
1929-05-07,10.8a
1929-05-08,12.0a
1929-05-09,13.7a
1929-05-10,15.3a
1929-05-11,14.2a
1929-05-12,14.7a
1929-05-13,17.6a
1929-05-14,13.0a
1929-05-15,12.0a
1929-05-16,13.1a
1929-05-17,11.3a
1929-05-18,13.1a
1929-05-19,15.2a
1929-05-20,18.2a
1929-05-21,18.8a
1929-05-22,21.9a
1929-05-23,18.6a
1929-05-24,15.4a
1929-05-25,11.4a
1929-05-26,10.1a
1929-05-27,12.0a
1929-05-28,13.9a
1929-05-29,15.5a
1929-05-30,14.9a
1929-05-31,13.9a
1929-06-01,14.0a
1929-06-02,12.3a
1929-06-03,12.1a
1929-06-04,16.6a
1929-06-05,17.3a
1929-06-06,21.2a
1929-06-07,19.0a
1929-06-08,17.5a
1929-06-09,18.4a
1929-06-10,19.4a
1929-06-11,19.5a
1929-06-12,18.0a
1929-06-13,18.0a
1929-06-14,18.8a
1929-06-15,18.9a
1929-06-16,14.5a
1929-06-17,16.8a
1929-06-18,13.5a
1929-06-19,15.7a
1929-06-20,16.3a
1929-06-21,18.0a
1929-06-22,17.1a
1929-06-23,18.1a
1929-06-24,18.8a
1929-06-25,20.1a
1929-06-26,20.3a
1929-06-27,16.0a
1929-06-28,19.4a
1929-06-29,20.4a
1929-06-30,16.8a-9999.9M
1929-07-01,20.1a
1929-07-02,17.9a
1929-07-03,17.4a
1929-07-04,19.4a
1929-07-05,19.6a
1929-07-06,19.4a
1929-07-07,21.6a
1929-07-08,21.2a
1929-07-09,21.9a
1929-07-10,16.9a
1929-07-11,14.9a
1929-07-12,18.2a
1929-07-13,20.4a
1929-07-14,21.5a
1929-07-15,19.5a
1929-07-16,20.5a
1929-07-17,23.3a
1929-07-18,23.1a
1929-07-19,21.1a
1929-07-20,18.9a
1929-07-21,16.1a
1929-07-22,19.7a
1929-07-23,19.7a
1929-07-24,19.8a
1929-07-25,20.0a
1929-07-26,21.1a
1929-07-27,18.6a
1929-07-28,20.1a
1929-07-29,23.0a
1929-07-30,25.3a
1929-07-31,26.7a
1929-08-01,25.0a
1929-08-02,23.1a
1929-08-03,22.8a
1929-08-04,21.1a
1929-08-05,23.3a
1929-08-06,22.9a
1929-08-07,24.5a
1929-08-08,23.4a
1929-08-09,25.8a
1929-08-10,23.9a
1929-08-11,24.8a
1929-08-12,23.7a
1929-08-13,24.2a
1929-08-14,23.6a
1929-08-15,21.9a
1929-08-16,20.2a
1929-08-17,21.7a
1929-08-18,20.2a
1929-08-19,19.8a
1929-08-20,19.4a
1929-08-21,17.4a
1929-08-22,20.3a
1929-08-23,16.3a
1929-08-24,14.6a
1929-08-25,17.3a
1929-08-26,21.4a
1929-08-27,21.1a
1929-08-28,21.4a
1929-08-29,21.4a
1929-08-30,21.1a
1929-08-31,17.7a
1929-09-01,16.8a
1929-09-02,14.7a
1929-09-03,13.4a
1929-09-04,15.5a
1929-09-05,15.9a
1929-09-06,14.4a
1929-09-07,12.7a
1929-09-08,15.6a
1929-09-09,17.4a
1929-09-10,18.2a
1929-09-11,18.2a
1929-09-12,20.8a
1929-09-13,18.0a
1929-09-14,20.9a
1929-09-15,17.8a
1929-09-16,16.8a
1929-09-17,16.1a
1929-09-18,15.2a
1929-09-19,15.2a
1929-09-20,12.9a
1929-09-21,11.8a
1929-09-22,11.6a
1929-09-23,9.7a
1929-09-24,9.7a
1929-09-25,10.8a
1929-09-26,10.4a
1929-09-27,10.8a
1929-09-28,11.3a
1929-09-29,11.6a
1929-09-30,11.3a-9999.9M
1929-10-01,12.8a
1929-10-02,12.2a
1929-10-03,11.7a
1929-10-04,14.0a
1929-10-05,13.1a
1929-10-06,11.2a
1929-10-07,8.7a
1929-10-08,7.7a
1929-10-09,11.6a
1929-10-10,8.5a
1929-10-11,8.7a
1929-10-12,11.2a
1929-10-13,12.2a
1929-10-14,13.8a
1929-10-15,14.8a
1929-10-16,13.3a
1929-10-17,13.5a
1929-10-18,12.0a
1929-10-19,12.5a
1929-10-20,9.2a
1929-10-21,10.9a
1929-10-22,9.8a
1929-10-23,8.7a
1929-10-24,7.7a
1929-10-25,11.9a
1929-10-26,11.1a
1929-10-27,8.7a
1929-10-28,8.5a
1929-10-29,4.9a
1929-10-30,9.5a
1929-10-31,4.6a
1929-11-01,2.9a
1929-11-02,7.1a
1929-11-03,4.9a
1929-11-04,5.9a
1929-11-05,2.6a
1929-11-06,5.6a
1929-11-07,6.2a
1929-11-08,6.8a
1929-11-09,6.0a
1929-11-10,2.9a
1929-11-11,1.0a
1929-11-12,1.6a
1929-11-13,3.7a
1929-11-14,4.5a
1929-11-15,4.3a
1929-11-16,4.0a
1929-11-17,3.7a
1929-11-18,3.1a
1929-11-19,0.4a
1929-11-20,-1.3a
1929-11-21,-2.8a
1929-11-22,0.2a
1929-11-23,0.4a
1929-11-24,1.5a
1929-11-25,2.6a
1929-11-26,2.0a
1929-11-27,2.3a
1929-11-28,3.7a
1929-11-29,3.7a
1929-11-30,4.3a-9999.9M
1929-12-01,2.0a
1929-12-02,0.1a
1929-12-03,0.1a
1929-12-04,-0.2a
1929-12-05,2.9a
1929-12-06,2.9a
1929-12-07,0.6a
1929-12-08,-0.2a
1929-12-09,-7.1a
1929-12-10,-9.9a
1929-12-11,-11.2a
1929-12-12,-10.1a
1929-12-13,-9.8a
1929-12-14,-7.0a
1929-12-15,-3.7a
1929-12-16,-2.1a
1929-12-17,-1.6a
1929-12-18,-2.4a
1929-12-19,-2.1a
1929-12-20,-1.0a
1929-12-21,0.4a
1929-12-22,0.6a
1929-12-23,4.0a
1929-12-24,4.3a
1929-12-25,5.6a
1929-12-26,5.1a
1929-12-27,5.1a
1929-12-28,4.9a
1929-12-29,6.5a
1929-12-30,5.4a
1929-12-31,4.0a
1930-01-01,2.9a
1930-01-02,3.4a
1930-01-03,1.4a
1930-01-04,0.1a
1930-01-05,-12.6a
1930-01-06,-15.4a
1930-01-07,-17.9a
1930-01-08,-13.5a
1930-01-09,-14.0a
1930-01-10,-14.0a
1930-01-11,-14.0a
1930-01-12,-14.0a
1930-01-13,-13.7a
1930-01-14,-14.0a
1930-01-15,-12.6a
1930-01-16,-16.2a
1930-01-17,-17.9a
1930-01-18,-15.7a
1930-01-19,-15.1a
1930-01-20,-15.4a
1930-01-21,-14.8a
1930-01-22,-15.1a
1930-01-23,-14.3a
1930-01-24,-13.2a
1930-01-25,-9.0a
1930-01-26,-9.6a
1930-01-27,-10.1a
1930-01-28,-0.9a
1930-01-29,-0.2a
1930-01-30,-1.0a
1930-01-31,-0.4a
1930-02-01,6.7a
1930-02-02,7.2a
1930-02-03,3.5a
1930-02-04,0.2a
1930-02-05,4.8a
1930-02-06,1.8a
1930-02-07,0.5a
1930-02-08,3.2a
1930-02-09,-1.0a
1930-02-10,0.4a
1930-02-11,2.1a
1930-02-12,0.1a
1930-02-13,-2.6a
1930-02-14,-7.3a
1930-02-15,1.0a
1930-02-16,4.3a
1930-02-17,7.0a
1930-02-18,8.7a
1930-02-19,5.7a
1930-02-20,4.5a
1930-02-21,3.7a
1930-02-22,1.0a
1930-02-23,2.6a
1930-02-24,1.6a
1930-02-25,0.0a
1930-02-26,-0.4a
1930-02-27,1.8a
1930-02-28,-2.6a-9999.9M-9999.9M-9999.9M
1930-03-01,-3.7a
1930-03-02,-3.4a
1930-03-03,-2.0a
1930-03-04,0.5a
1930-03-05,1.8a
1930-03-06,1.0a
1930-03-07,2.8a
1930-03-08,4.5a
1930-03-09,5.4a
1930-03-10,5.6a
1930-03-11,12.0a
1930-03-12,5.3a
1930-03-13,0.4a
1930-03-14,-0.3a
1930-03-15,0.3a
1930-03-16,0.9a
1930-03-17,4.3a
1930-03-18,10.3a
1930-03-19,7.6a
1930-03-20,0.4a
1930-03-21,3.5a
1930-03-22,5.6a
1930-03-23,6.5a
1930-03-24,3.7a
1930-03-25,3.1a
1930-03-26,4.5a
1930-03-27,7.9a
1930-03-28,8.7a
1930-03-29,7.3a
1930-03-30,6.2a
1930-03-31,5.6a
1930-04-01,11.2a
1930-04-02,11.6a
1930-04-03,9.0a
1930-04-04,7.4a
1930-04-05,7.3a
1930-04-06,9.1a
1930-04-07,10.4a
1930-04-08,10.7a
1930-04-09,7.3a
1930-04-10,7.6a
1930-04-11,7.3a
1930-04-12,9.0a
1930-04-13,11.7a
1930-04-14,11.6a
1930-04-15,12.0a
1930-04-16,11.5a
1930-04-17,9.0a
1930-04-18,9.0a
1930-04-19,10.4a
1930-04-20,12.0a
1930-04-21,10.9a
1930-04-22,13.7a
1930-04-23,12.8a
1930-04-24,11.7a
1930-04-25,10.7a
1930-04-26,9.6a
1930-04-27,12.0a
1930-04-28,9.6a
1930-04-29,9.6a
1930-04-30,12.3a-9999.9M
1930-05-01,11.2a
1930-05-02,9.8a
1930-05-03,9.0a
1930-05-04,11.0a
1930-05-05,8.4a
1930-05-06,9.5a
1930-05-07,6.2a
1930-05-08,8.7a
1930-05-09,13.4a
1930-05-10,11.7a
1930-05-11,11.5a
1930-05-12,12.9a
1930-05-13,15.5a
1930-05-14,17.0a
1930-05-15,17.2a
1930-05-16,14.5a
1930-05-17,15.4a
1930-05-18,13.0a
1930-05-19,11.6a
1930-05-20,11.5a
1930-05-21,13.6a
1930-05-22,10.3a
1930-05-23,9.8a
1930-05-24,9.9a
1930-05-25,10.1a
1930-05-26,10.1a
1930-05-27,13.3a
1930-05-28,15.2a
1930-05-29,13.2a
1930-05-30,11.5a
1930-05-31,11.8a
1930-06-01,11.8a
1930-06-02,12.8a
1930-06-03,14.1a
1930-06-04,16.7a
1930-06-05,16.9a
1930-06-06,17.8a
1930-06-07,19.0a
1930-06-08,14.1a
1930-06-09,16.3a
1930-06-10,18.5a
1930-06-11,15.5a
1930-06-12,14.9a
1930-06-13,12.1a
1930-06-14,14.7a
1930-06-15,18.3a
1930-06-16,19.5a
1930-06-17,13.2a
1930-06-18,13.4a
1930-06-19,16.1a
1930-06-20,18.2a
1930-06-21,17.2a
1930-06-22,15.7a
1930-06-23,17.1a
1930-06-24,18.8a
1930-06-25,15.8a
1930-06-26,16.6a
1930-06-27,17.5a
1930-06-28,17.7a
1930-06-29,14.0a
1930-06-30,15.5a-9999.9M
1930-07-01,17.6a
1930-07-02,18.8a
1930-07-03,20.3a
1930-07-04,22.8a
1930-07-05,21.1a
1930-07-06,20.8a
1930-07-07,18.2a
1930-07-08,20.8a
1930-07-09,21.3a
1930-07-10,22.8a
1930-07-11,24.5a
1930-07-12,25.9a
1930-07-13,26.9a
1930-07-14,26.1a
1930-07-15,24.8a
1930-07-16,22.8a
1930-07-17,18.0a
1930-07-18,18.0a
1930-07-19,19.7a
1930-07-20,21.3a
1930-07-21,23.0a
1930-07-22,24.5a
1930-07-23,27.8a
1930-07-24,23.3a
1930-07-25,17.7a
1930-07-26,15.0a
1930-07-27,16.8a
1930-07-28,19.4a
1930-07-29,25.0a
1930-07-30,26.4a
1930-07-31,24.2a
1930-08-01,22.2a
1930-08-02,18.9a
1930-08-03,19.8a
1930-08-04,21.1a
1930-08-05,22.2a
1930-08-06,22.7a
1930-08-07,23.4a
1930-08-08,22.8a
1930-08-09,22.0a
1930-08-10,25.3a
1930-08-11,24.8a
1930-08-12,26.1a
1930-08-13,23.9a
1930-08-14,23.9a
1930-08-15,24.8a
1930-08-16,21.1a
1930-08-17,18.3a
1930-08-18,19.8a
1930-08-19,19.8a
1930-08-20,18.8a
1930-08-21,18.9a
1930-08-22,21.3a
1930-08-23,22.2a
1930-08-24,20.6a
1930-08-25,17.7a
1930-08-26,17.4a
1930-08-27,18.0a
1930-08-28,20.0a
1930-08-29,21.6a
1930-08-30,17.6a
1930-08-31,17.4a
1930-09-01,17.6a
1930-09-02,19.9a
1930-09-03,20.1a
1930-09-04,20.6a
1930-09-05,19.8a
1930-09-06,16.6a
1930-09-07,16.9a
1930-09-08,19.1a
1930-09-09,21.7a
1930-09-10,20.0a
1930-09-11,21.1a
1930-09-12,19.5a
1930-09-13,15.2a
1930-09-14,19.0a
1930-09-15,16.8a
1930-09-16,17.1a
1930-09-17,20.1a
1930-09-18,17.1a
1930-09-19,13.3a
1930-09-20,14.9a
1930-09-21,15.5a
1930-09-22,13.6a
1930-09-23,10.4a
1930-09-24,9.0a
1930-09-25,7.9a
1930-09-26,14.7a
1930-09-27,13.2a
1930-09-28,12.2a
1930-09-29,12.2a
1930-09-30,11.7a-9999.9M
1930-10-01,12.8a
1930-10-02,15.9a
1930-10-03,13.7a
1930-10-04,14.1a
1930-10-05,13.0a
1930-10-06,12.7a
1930-10-07,12.4a
1930-10-08,10.8a
1930-10-09,9.5a
1930-10-10,7.4a
1930-10-11,7.1a
1930-10-12,6.8a
1930-10-13,10.7a
1930-10-14,8.8a
1930-10-15,2.9a
1930-10-16,1.5a
1930-10-17,0.1a
1930-10-18,3.2a-9999.9M-9999.9M-9999.9M-9999.9M-9999.9M-9999.9M-9999.9M-9999.9M-9999.9M-9999.9M-9999.9M-9999.9M-9999.9M
1930-11-01,-9999.9M-9999.9M-9999.9M-9999.9M-9999.9M-9999.9M-9999.9M-9999.9M-9999.9M-9999.9M-9999.9M-9999.9M-9999.9M-9999.9M-9999.9M-9999.9M-9999.9M-9999.9M-9999.9M-9999.9M-9999.9M-9999.9M-9999.9M-9999.9M-9999.9M-9999.9M-9999.9M-9999.9M-9999.9M-9999.9M-9999.9M
1930-12-01,-9999.9M-9999.9M-9999.9M-9999.9M-9999.9M-9999.9M-9999.9M-9999.9M-9999.9M-9999.9M-9999.9M-9999.9M-9999.9M-9999.9M-9999.9M-9999.9M-9999.9M-9999.9M-9999.9M-9999.9M-9999.9M-9999.9M-9999.9M-9999.9M-9999.9M-9999.9M-9999.9M-9999.9M-9999.9M-9999.9M-9999.9M
1931-01-01,-0.2a
1931-01-02,2.0a
1931-01-03,2.0a
1931-01-04,0.9a
1931-01-05,2.6a
1931-01-06,2.0a
1931-01-07,3.7a
1931-01-08,0.2a
1931-01-09,-0.7a
1931-01-10,-1.1a
1931-01-11,-0.2a
1931-01-12,0.6a
1931-01-13,2.9a
1931-01-14,2.0a
1931-01-15,1.0a
1931-01-16,1.4a
1931-01-17,1.2a
1931-01-18,0.4a
1931-01-19,-0.5a
1931-01-20,-0.5a
1931-01-21,1.0a
1931-01-22,3.7a
1931-01-23,6.5a
1931-01-24,8.3a
1931-01-25,4.0a
1931-01-26,5.9a
1931-01-27,2.9a
1931-01-28,4.3a
1931-01-29,5.4a
1931-01-30,4.3a
1931-01-31,3.7a
1931-02-01,2.0a
1931-02-02,0.2a
1931-02-03,-0.2a
1931-02-04,-0.5a
1931-02-05,0.2a
1931-02-06,0.2a
1931-02-07,-1.0a
1931-02-08,-3.4a
1931-02-09,-0.5a
1931-02-10,0.6a
1931-02-11,1.0a
1931-02-12,0.7a
1931-02-13,-1.0a
1931-02-14,-0.1a
1931-02-15,2.6a
1931-02-16,4.3a
1931-02-17,4.6a
1931-02-18,6.0a
1931-02-19,6.3a
1931-02-20,1.5a
1931-02-21,2.1a
1931-02-22,2.3a
1931-02-23,4.8a
1931-02-24,2.9a
1931-02-25,1.5a
1931-02-26,2.0a
1931-02-27,3.5a
1931-02-28,4.8a-9999.9M-9999.9M-9999.9M
1931-03-01,3.1a
1931-03-02,5.4a
1931-03-03,6.5a
1931-03-04,3.9a
1931-03-05,2.1a
1931-03-06,1.3a
1931-03-07,0.2a
1931-03-08,5.9a
1931-03-09,2.9a
1931-03-10,1.3a
1931-03-11,2.6a
1931-03-12,3.5a
1931-03-13,3.1a
1931-03-14,4.8a
1931-03-15,8.9a
1931-03-16,8.2a
1931-03-17,6.8a
1931-03-18,10.1a
1931-03-19,8.3a
1931-03-20,9.4a
1931-03-21,11.8a
1931-03-22,7.9a
1931-03-23,6.2a
1931-03-24,4.3a
1931-03-25,3.9a
1931-03-26,3.2a
1931-03-27,2.1a
1931-03-28,4.5a
1931-03-29,4.8a
1931-03-30,7.2a
1931-03-31,7.3a
1931-04-01,7.1a
1931-04-02,6.2a
1931-04-03,4.1a
1931-04-04,11.2a
1931-04-05,12.2a
1931-04-06,12.7a
1931-04-07,12.3a
1931-04-08,9.8a
1931-04-09,7.3a
1931-04-10,11.2a
1931-04-11,6.3a
1931-04-12,8.6a
1931-04-13,10.0a
1931-04-14,7.9a
1931-04-15,9.5a
1931-04-16,13.4a
1931-04-17,6.0a
1931-04-18,4.6a
1931-04-19,7.7a
1931-04-20,11.7a
1931-04-21,11.5a
1931-04-22,9.6a
1931-04-23,10.9a
1931-04-24,13.1a
1931-04-25,12.2a
1931-04-26,11.0a
1931-04-27,12.7a
1931-04-28,14.9a
1931-04-29,16.2a
1931-04-30,18.2a-9999.9M
1931-05-01,17.6a
1931-05-02,11.9a
1931-05-03,10.2a
1931-05-04,9.4a
1931-05-05,14.1a
1931-05-06,10.9a
1931-05-07,9.4a
1931-05-08,7.9a
1931-05-09,11.5a
1931-05-10,12.8a
1931-05-11,16.3a
1931-05-12,17.1a
1931-05-13,18.0a
1931-05-14,17.1a
1931-05-15,18.6a
1931-05-16,13.8a
1931-05-17,8.8a
1931-05-18,9.6a
1931-05-19,9.0a
1931-05-20,11.3a
1931-05-21,11.7a
1931-05-22,11.3a
1931-05-23,14.1a
1931-05-24,18.3a
1931-05-25,14.5a
1931-05-26,18.3a
1931-05-27,12.7a
1931-05-28,15.8a
1931-05-29,21.0a
1931-05-30,18.8a
1931-05-31,18.0a
1931-06-01,18.3a
1931-06-02,15.3a
1931-06-03,16.3a
1931-06-04,19.6a
1931-06-05,18.2a
1931-06-06,19.1a
1931-06-07,25.0a
1931-06-08,25.8a
1931-06-09,22.8a
1931-06-10,19.4a
1931-06-11,18.9a
1931-06-12,20.4a
1931-06-13,18.8a
1931-06-14,19.4a
1931-06-15,19.1a
1931-06-16,17.6a
1931-06-17,18.8a
1931-06-18,17.9a
1931-06-19,14.3a
1931-06-20,16.2a
1931-06-21,13.6a
1931-06-22,12.3a
1931-06-23,14.3a
1931-06-24,15.1a
1931-06-25,16.5a
1931-06-26,17.7a
1931-06-27,12.0a
1931-06-28,12.3a
1931-06-29,13.2a
1931-06-30,17.9a-9999.9M
1931-07-01,16.4a
1931-07-02,16.9a
1931-07-03,19.1a
1931-07-04,21.5a
1931-07-05,20.2a
1931-07-06,20.1a
1931-07-07,21.9a
1931-07-08,23.3a
1931-07-09,22.0a
1931-07-10,18.5a
1931-07-11,21.1a
1931-07-12,16.5a
1931-07-13,17.9a
1931-07-14,16.6a
1931-07-15,18.8a
1931-07-16,21.7a
1931-07-17,20.1a
1931-07-18,21.3a
1931-07-19,22.1a
1931-07-20,27.2a
1931-07-21,22.7a
1931-07-22,23.5a
1931-07-23,24.4a
1931-07-24,24.1a
1931-07-25,22.4a
1931-07-26,22.6a
1931-07-27,21.9a
1931-07-28,20.5a
1931-07-29,20.5a
1931-07-30,27.2a
1931-07-31,22.7a
1931-08-01,23.9a
1931-08-02,24.7a
1931-08-03,21.1a
1931-08-04,19.9a
1931-08-05,18.2a
1931-08-06,15.0a
1931-08-07,16.1a
1931-08-08,21.3a
1931-08-09,21.9a
1931-08-10,20.4a
1931-08-11,21.3a
1931-08-12,18.6a
1931-08-13,18.2a
1931-08-14,21.4a
1931-08-15,21.1a
1931-08-16,21.3a
1931-08-17,21.4a
1931-08-18,22.2a
1931-08-19,21.9a
1931-08-20,22.5a
1931-08-21,21.3a
1931-08-22,20.1a
1931-08-23,22.7a
1931-08-24,21.3a
1931-08-25,23.1a
1931-08-26,17.6a
1931-08-27,18.8a
1931-08-28,20.5a
1931-08-29,18.8a
1931-08-30,17.6a
1931-08-31,19.0a
1931-09-01,18.8a
1931-09-02,19.9a
1931-09-03,20.5a
1931-09-04,21.4a
1931-09-05,16.3a
1931-09-06,12.2a
1931-09-07,13.8a
1931-09-08,13.4a
1931-09-09,12.8a
1931-09-10,12.4a
1931-09-11,11.8a
1931-09-12,14.0a
1931-09-13,12.6a
1931-09-14,13.7a
1931-09-15,14.1a
1931-09-16,15.4a
1931-09-17,14.8a
1931-09-18,15.7a
1931-09-19,15.4a
1931-09-20,13.8a
1931-09-21,11.5a
1931-09-22,11.8a
1931-09-23,11.9a
1931-09-24,14.0a
1931-09-25,13.5a
1931-09-26,13.4a
1931-09-27,13.7a
1931-09-28,13.2a
1931-09-29,13.0a
1931-09-30,15.9a-9999.9M
1931-10-01,18.6a
1931-10-02,12.6a
1931-10-03,11.5a
1931-10-04,10.2a
1931-10-05,11.4a
1931-10-06,8.5a
1931-10-07,8.5a
1931-10-08,9.9a
1931-10-09,10.4a
1931-10-10,9.0a
1931-10-11,8.4a
1931-10-12,9.0a
1931-10-13,9.3a
1931-10-14,9.9a
1931-10-15,9.6a
1931-10-16,8.7a
1931-10-17,9.3a
1931-10-18,7.9a
1931-10-19,9.8a
1931-10-20,7.1a
1931-10-21,6.3a
1931-10-22,8.8a
1931-10-23,10.6a
1931-10-24,8.9a
1931-10-25,4.6a
1931-10-26,7.6a
1931-10-27,7.4a
1931-10-28,7.5a
1931-10-29,7.6a
1931-10-30,7.5a
1931-10-31,9.1a
1931-11-01,11.1a
1931-11-02,7.6a
1931-11-03,4.8a
1931-11-04,4.8a
1931-11-05,6.5a
1931-11-06,7.7a
1931-11-07,4.0a
1931-11-08,3.2a
1931-11-09,4.8a
1931-11-10,3.8a
1931-11-11,3.7a
1931-11-12,3.7a
1931-11-13,4.8a
1931-11-14,3.7a
1931-11-15,0.5a
1931-11-16,-1.3a
1931-11-17,-4.9a
1931-11-18,-2.4a
1931-11-19,-0.6a
1931-11-20,-3.4a
1931-11-21,-4.8a
1931-11-22,-3.7a
1931-11-23,-1.8a
1931-11-24,-0.7a
1931-11-25,-1.3a
1931-11-26,-3.4a
1931-11-27,-4.2a
1931-11-28,-4.8a
1931-11-29,-4.5a
1931-11-30,-4.8a-9999.9M
1931-12-01,-2.8a
1931-12-02,-0.4a
1931-12-03,1.0a
1931-12-04,1.2a
1931-12-05,0.2a
1931-12-06,-0.2a
1931-12-07,1.2a
1931-12-08,-2.0a
1931-12-09,-1.0a
1931-12-10,-2.5a
1931-12-11,-7.1a
1931-12-12,-7.3a
1931-12-13,-3.9a
1931-12-14,-3.7a
1931-12-15,-0.7a
1931-12-16,2.3a
1931-12-17,3.5a
1931-12-18,4.9a
1931-12-19,4.8a
1931-12-20,4.3a
1931-12-21,-0.9a
1931-12-22,0.2a
1931-12-23,1.7a
1931-12-24,3.7a
1931-12-25,1.7a
1931-12-26,0.9a
1931-12-27,1.0a
1931-12-28,-0.7a
1931-12-29,0.2a
1931-12-30,-0.2a
1931-12-31,0.4a
1932-01-01,1.2a
1932-01-02,0.4a
1932-01-03,0.2a
1932-01-04,0.2a
1932-01-05,0.7a
1932-01-06,0.7a
1932-01-07,1.4a
1932-01-08,1.7a
1932-01-09,3.4a
1932-01-10,4.8a
1932-01-11,-2.0a
1932-01-12,-7.1a
1932-01-13,-8.7a
1932-01-14,-7.6a
1932-01-15,-7.3a
1932-01-16,-4.0a
1932-01-17,-1.0a
1932-01-18,-0.2a
1932-01-19,-0.5a
1932-01-20,-1.3a
1932-01-21,-2.8a
1932-01-22,-1.8a
1932-01-23,-4.0a
1932-01-24,-1.0a
1932-01-25,-3.1a
1932-01-26,-3.0a
1932-01-27,-5.4a
1932-01-28,-7.1a
1932-01-29,-10.7a
1932-01-30,-15.7a
1932-01-31,-17.1a
1932-02-01,-15.1a
1932-02-02,-14.0a
1932-02-03,-6.8a
1932-02-04,-3.9a
1932-02-05,-2.4a
1932-02-06,-1.1a
1932-02-07,0.2a
1932-02-08,2.9a
1932-02-09,3.2a
1932-02-10,0.0a
1932-02-11,-0.3a
1932-02-12,-4.6a
1932-02-13,-3.1a
1932-02-14,-2.3a
1932-02-15,-3.7a
1932-02-16,-5.1a
1932-02-17,-3.4a
1932-02-18,-3.1a
1932-02-19,-1.2a
1932-02-20,0.3a
1932-02-21,2.6a
1932-02-22,5.4a
1932-02-23,6.0a
1932-02-24,7.8a
1932-02-25,9.8a
1932-02-26,10.0a
1932-02-27,7.9a
1932-02-28,4.8a
1932-02-29,3.9a-9999.9M-9999.9M
1932-03-01,2.1a
1932-03-02,-2.9a
1932-03-03,-1.2a
1932-03-04,0.1a
1932-03-05,-2.0a
1932-03-06,-2.4a
1932-03-07,-2.6a
1932-03-08,-3.5a
1932-03-09,-3.5a
1932-03-10,-0.1a
1932-03-11,0.5a
1932-03-12,2.9a
1932-03-13,1.8a
1932-03-14,4.0a
1932-03-15,3.5a
1932-03-16,3.4a
1932-03-17,5.9a
1932-03-18,5.9a
1932-03-19,5.4a
1932-03-20,5.4a
1932-03-21,4.5a
1932-03-22,6.5a
1932-03-23,4.3a
1932-03-24,5.4a
1932-03-25,7.1a
1932-03-26,9.2a
1932-03-27,8.2a
1932-03-28,7.3a
1932-03-29,5.4a
1932-03-30,4.3a
1932-03-31,5.7a
1932-04-01,8.7a
1932-04-02,8.2a
1932-04-03,11.6a
1932-04-04,6.3a
1932-04-05,4.2a
1932-04-06,6.3a
1932-04-07,8.6a
1932-04-08,5.4a
1932-04-09,6.0a
1932-04-10,7.7a
1932-04-11,11.7a
1932-04-12,11.9a
1932-04-13,12.3a
1932-04-14,9.5a
1932-04-15,11.3a
1932-04-16,5.7a
1932-04-17,9.4a
1932-04-18,10.6a
1932-04-19,6.3a
1932-04-20,8.5a
1932-04-21,8.5a
1932-04-22,8.4a
1932-04-23,8.9a
1932-04-24,11.2a
1932-04-25,13.1a
1932-04-26,13.8a
1932-04-27,11.9a
1932-04-28,10.7a
1932-04-29,12.1a
1932-04-30,12.9a-9999.9M
1932-05-01,13.8a
1932-05-02,14.9a
1932-05-03,14.9a
1932-05-04,15.4a
1932-05-05,14.8a
1932-05-06,16.5a
1932-05-07,16.8a
1932-05-08,13.9a
1932-05-09,16.4a
1932-05-10,11.5a
1932-05-11,15.1a
1932-05-12,14.5a
1932-05-13,14.0a
1932-05-14,9.8a
1932-05-15,13.0a
1932-05-16,15.0a
1932-05-17,15.4a
1932-05-18,15.7a
1932-05-19,17.2a
1932-05-20,13.8a
1932-05-21,11.8a
1932-05-22,13.6a
1932-05-23,11.3a
1932-05-24,8.9a
1932-05-25,7.1a
1932-05-26,9.7a
1932-05-27,12.8a
1932-05-28,14.5a
1932-05-29,13.4a
1932-05-30,15.0a
1932-05-31,14.9a
1932-06-01,12.0a
1932-06-02,12.8a
1932-06-03,15.7a
1932-06-04,18.6a
1932-06-05,12.7a
1932-06-06,16.4a
1932-06-07,15.4a
1932-06-08,16.9a
1932-06-09,19.3a
1932-06-10,20.5a
1932-06-11,21.1a
1932-06-12,22.1a
1932-06-13,19.4a
1932-06-14,21.3a
1932-06-15,18.8a
1932-06-16,15.4a
1932-06-17,17.6a
1932-06-18,19.1a
1932-06-19,22.5a
1932-06-20,18.9a
1932-06-21,17.2a
1932-06-22,17.4a
1932-06-23,18.7a
1932-06-24,18.5a
1932-06-25,18.8a
1932-06-26,19.3a
1932-06-27,23.8a
1932-06-28,25.8a
1932-06-29,19.3a
1932-06-30,24.5a-9999.9M
1932-07-01,19.0a
1932-07-02,21.5a
1932-07-03,15.7a
1932-07-04,17.7a
1932-07-05,16.6a
1932-07-06,17.0a
1932-07-07,21.3a
1932-07-08,19.9a
1932-07-09,19.5a
1932-07-10,15.0a
1932-07-11,15.7a
1932-07-12,15.0a
1932-07-13,14.4a
1932-07-14,18.6a
1932-07-15,18.6a
1932-07-16,19.2a
1932-07-17,19.3a
1932-07-18,16.6a
1932-07-19,16.6a
1932-07-20,19.3a
1932-07-21,20.7a
1932-07-22,25.0a
1932-07-23,21.3a
1932-07-24,22.4a
1932-07-25,18.7a
1932-07-26,19.9a
1932-07-27,24.2a
1932-07-28,21.6a
1932-07-29,19.7a
1932-07-30,21.2a
1932-07-31,16.7a
1932-08-01,20.5a
1932-08-02,20.5a
1932-08-03,24.5a
1932-08-04,22.6a
1932-08-05,22.2a
1932-08-06,21.6a
1932-08-07,24.2a
1932-08-08,20.5a
1932-08-09,16.9a
1932-08-10,19.9a
1932-08-11,14.1a
1932-08-12,14.2a
1932-08-13,20.2a
1932-08-14,22.5a
1932-08-15,23.1a
1932-08-16,25.8a
1932-08-17,23.6a
1932-08-18,22.7a
1932-08-19,21.4a
1932-08-20,18.3a
1932-08-21,20.7a
1932-08-22,21.9a
1932-08-23,21.0a
1932-08-24,21.4a
1932-08-25,24.2a
1932-08-26,22.8a
1932-08-27,25.3a
1932-08-28,15.4a
1932-08-29,16.3a
1932-08-30,14.2a
1932-08-31,14.5a
1932-09-01,14.2a
1932-09-02,13.1a
1932-09-03,13.4a
1932-09-04,17.7a
1932-09-05,20.2a
1932-09-06,19.1a
1932-09-07,21.9a
1932-09-08,16.2a
1932-09-09,16.0a
1932-09-10,16.6a
1932-09-11,13.3a
1932-09-12,14.9a
1932-09-13,15.6a
1932-09-14,16.6a
1932-09-15,15.8a
1932-09-16,15.4a
1932-09-17,12.7a
1932-09-18,10.1a
1932-09-19,11.2a
1932-09-20,11.9a
1932-09-21,10.1a
1932-09-22,10.7a
1932-09-23,13.9a
1932-09-24,13.3a
1932-09-25,13.3a
1932-09-26,14.2a
1932-09-27,15.1a
1932-09-28,16.5a
1932-09-29,17.4a
1932-09-30,17.0a-9999.9M
1932-10-01,17.4a
1932-10-02,17.0a
1932-10-03,15.4a
1932-10-04,13.7a
1932-10-05,12.9a
1932-10-06,10.2a
1932-10-07,12.3a
1932-10-08,9.4a
1932-10-09,10.1a
1932-10-10,9.4a
1932-10-11,8.7a
1932-10-12,9.8a
1932-10-13,10.7a
1932-10-14,11.2a
1932-10-15,11.7a
1932-10-16,10.1a
1932-10-17,8.2a
1932-10-18,7.3a
1932-10-19,9.5a
1932-10-20,9.4a
1932-10-21,9.4a
1932-10-22,8.5a
1932-10-23,7.9a
1932-10-24,7.9a
1932-10-25,7.2a
1932-10-26,11.1a
1932-10-27,5.4a
1932-10-28,5.4a
1932-10-29,3.8a
1932-10-30,6.5a
1932-10-31,7.3a
1932-11-01,4.6a
1932-11-02,5.4a
1932-11-03,7.1a
1932-11-04,6.8a
1932-11-05,7.7a
1932-11-06,4.3a
1932-11-07,4.3a
1932-11-08,4.0a
1932-11-09,4.0a
1932-11-10,2.3a
1932-11-11,3.5a
1932-11-12,3.7a
1932-11-13,3.7a
1932-11-14,3.2a
1932-11-15,2.3a
1932-11-16,4.3a
1932-11-17,5.4a
1932-11-18,7.2a
1932-11-19,3.5a
1932-11-20,3.4a
1932-11-21,2.0a
1932-11-22,3.4a
1932-11-23,6.0a
1932-11-24,3.1a
1932-11-25,2.0a
1932-11-26,4.3a
1932-11-27,4.6a
1932-11-28,9.8a
1932-11-29,7.9a
1932-11-30,5.4a-9999.9M
1932-12-01,9.4a
1932-12-02,9.0a
1932-12-03,6.3a
1932-12-04,1.6a
1932-12-05,-1.4a
1932-12-06,-7.1a
1932-12-07,-13.4a
1932-12-08,-13.7a
1932-12-09,-12.3a
1932-12-10,-11.8a
1932-12-11,-9.3a
1932-12-12,-6.8a
1932-12-13,-5.6a
1932-12-14,-6.0a
1932-12-15,-5.4a
1932-12-16,-4.3a
1932-12-17,-3.7a
1932-12-18,-2.9a
1932-12-19,0.1a
1932-12-20,3.9a
1932-12-21,4.8a
1932-12-22,4.8a
1932-12-23,2.7a
1932-12-24,0.6a
1932-12-25,2.9a
1932-12-26,3.7a
1932-12-27,2.3a
1932-12-28,1.5a
1932-12-29,0.4a
1932-12-30,-0.7a
1932-12-31,1.0a
1933-01-01,1.0a
1933-01-02,1.5a
1933-01-03,1.7a
1933-01-04,6.0a
1933-01-05,6.9a
1933-01-06,6.0a
1933-01-07,0.7a
1933-01-08,5.1a
1933-01-09,5.7a
1933-01-10,0.7a
1933-01-11,2.6a
1933-01-12,1.0a
1933-01-13,1.7a
1933-01-14,1.3a
1933-01-15,-2.3a
1933-01-16,-7.9a
1933-01-17,-5.4a
1933-01-18,-4.6a
1933-01-19,-3.7a
1933-01-20,-2.4a
1933-01-21,-1.3a
1933-01-22,-1.3a
1933-01-23,1.4a
1933-01-24,0.4a
1933-01-25,-2.6a
1933-01-26,-1.0a
1933-01-27,1.2a
1933-01-28,-0.7a
1933-01-29,-1.3a
1933-01-30,0.7a
1933-01-31,-1.3a
1933-02-01,-1.3a
1933-02-02,-1.6a
1933-02-03,-1.6a
1933-02-04,-1.5a
1933-02-05,-2.0a
1933-02-06,-2.3a
1933-02-07,-8.2a
1933-02-08,-12.9a
1933-02-09,-13.5a
1933-02-10,-11.2a
1933-02-11,-7.3a
1933-02-12,-10.1a
1933-02-13,-9.9a
1933-02-14,-7.0a
1933-02-15,-5.7a
1933-02-16,-3.1a
1933-02-17,-1.8a
1933-02-18,0.6a
1933-02-19,4.3a
1933-02-20,4.3a
1933-02-21,5.1a
1933-02-22,6.5a
1933-02-23,4.8a
1933-02-24,5.4a
1933-02-25,5.9a
1933-02-26,2.4a
1933-02-27,2.7a
1933-02-28,0.9a-9999.9M-9999.9M-9999.9M
1933-03-01,2.6a
1933-03-02,2.6a
1933-03-03,1.6a
1933-03-04,0.9a
1933-03-05,3.7a
1933-03-06,2.3a
1933-03-07,3.7a
1933-03-08,2.7a
1933-03-09,-1.5a
1933-03-10,-1.2a
1933-03-11,2.7a
1933-03-12,6.2a
1933-03-13,8.3a
1933-03-14,3.2a
1933-03-15,1.3a
1933-03-16,3.8a
1933-03-17,4.1a
1933-03-18,4.9a
1933-03-19,5.1a
1933-03-20,6.5a
1933-03-21,4.6a
1933-03-22,3.4a
1933-03-23,2.7a
1933-03-24,4.5a
1933-03-25,5.9a
1933-03-26,6.2a
1933-03-27,3.2a
1933-03-28,8.5a
1933-03-29,7.3a
1933-03-30,6.6a
1933-03-31,6.3a
1933-04-01,6.2a
1933-04-02,7.3a
1933-04-03,6.8a
1933-04-04,8.5a
1933-04-05,8.7a
1933-04-06,5.4a
1933-04-07,4.3a
1933-04-08,5.3a
1933-04-09,4.8a
1933-04-10,4.3a
1933-04-11,5.9a
1933-04-12,5.9a
1933-04-13,10.1a
1933-04-14,8.5a
1933-04-15,5.9a
1933-04-16,6.5a
1933-04-17,8.1a
1933-04-18,8.1a
1933-04-19,9.0a
1933-04-20,10.7a
1933-04-21,12.1a
1933-04-22,13.1a
1933-04-23,13.6a
1933-04-24,12.7a
1933-04-25,12.0a
1933-04-26,13.1a
1933-04-27,14.3a
1933-04-28,10.6a
1933-04-29,11.3a
1933-04-30,9.6a-9999.9M
1933-05-01,8.8a
1933-05-02,10.2a
1933-05-03,12.3a
1933-05-04,10.3a
1933-05-05,8.5a
1933-05-06,9.8a
1933-05-07,10.2a
1933-05-08,8.1a
1933-05-09,10.2a
1933-05-10,11.0a
1933-05-11,13.7a
1933-05-12,15.5a
1933-05-13,16.5a
1933-05-14,12.2a
1933-05-15,10.8a
1933-05-16,9.3a
1933-05-17,10.7a
1933-05-18,9.6a
1933-05-19,11.5a
1933-05-20,9.6a
1933-05-21,9.8a
1933-05-22,15.3a
1933-05-23,14.1a
1933-05-24,14.1a
1933-05-25,13.6a
1933-05-26,13.8a
1933-05-27,13.3a
1933-05-28,14.2a
1933-05-29,16.6a
1933-05-30,17.8a
1933-05-31,13.0a
1933-06-01,11.8a
1933-06-02,13.8a
1933-06-03,18.1a
1933-06-04,18.5a
1933-06-05,13.6a
1933-06-06,14.6a
1933-06-07,12.3a
1933-06-08,12.5a
1933-06-09,11.7a
1933-06-10,13.0a
1933-06-11,15.1a
1933-06-12,16.3a
1933-06-13,20.1a
1933-06-14,23.6a
1933-06-15,24.5a
1933-06-16,20.0a
1933-06-17,16.9a
1933-06-18,16.2a
1933-06-19,18.2a
1933-06-20,18.6a
1933-06-21,17.6a
1933-06-22,18.0a
1933-06-23,14.1a
1933-06-24,17.7a
1933-06-25,15.1a
1933-06-26,15.5a
1933-06-27,16.3a
1933-06-28,17.5a
1933-06-29,17.1a
1933-06-30,16.8a-9999.9M
1933-07-01,14.9a
1933-07-02,16.5a
1933-07-03,17.6a
1933-07-04,17.6a
1933-07-05,18.5a
1933-07-06,19.0a
1933-07-07,22.7a
1933-07-08,22.0a
1933-07-09,18.5a
1933-07-10,18.3a
1933-07-11,17.3a
1933-07-12,19.6a
1933-07-13,20.8a
1933-07-14,23.3a
1933-07-15,24.1a
1933-07-16,25.3a
1933-07-17,24.2a
1933-07-18,20.4a
1933-07-19,19.1a
1933-07-20,17.2a
1933-07-21,18.2a
1933-07-22,21.0a
1933-07-23,22.5a
1933-07-24,24.1a
1933-07-25,25.6a
1933-07-26,25.0a
1933-07-27,22.5a
1933-07-28,18.2a
1933-07-29,15.5a
1933-07-30,15.6a
1933-07-31,19.0a
1933-08-01,20.1a
1933-08-02,19.4a
1933-08-03,21.4a
1933-08-04,19.6a
1933-08-05,17.1a
1933-08-06,19.3a
1933-08-07,22.1a
1933-08-08,22.3a
1933-08-09,23.0a
1933-08-10,24.4a
1933-08-11,24.7a
1933-08-12,24.4a
1933-08-13,24.4a
1933-08-14,25.9a
1933-08-15,25.3a
1933-08-16,24.2a
1933-08-17,24.4a
1933-08-18,25.6a
1933-08-19,23.9a
1933-08-20,19.9a
1933-08-21,18.6a
1933-08-22,21.0a
1933-08-23,21.1a
1933-08-24,19.6a
1933-08-25,18.8a
1933-08-26,20.1a
1933-08-27,21.9a
1933-08-28,20.2a
1933-08-29,22.0a
1933-08-30,15.7a
1933-08-31,18.1a
1933-09-01,16.5a
1933-09-02,17.9a
1933-09-03,21.7a
1933-09-04,20.8a
1933-09-05,19.2a
1933-09-06,13.8a
1933-09-07,15.7a
1933-09-08,17.1a
1933-09-09,16.8a
1933-09-10,19.7a
1933-09-11,17.3a
1933-09-12,13.8a
1933-09-13,15.0a
1933-09-14,14.4a
1933-09-15,13.7a
1933-09-16,11.9a
1933-09-17,12.9a
1933-09-18,12.3a
1933-09-19,13.3a
1933-09-20,15.4a
1933-09-21,11.9a
1933-09-22,9.4a
1933-09-23,8.3a
1933-09-24,8.5a
1933-09-25,9.9a
1933-09-26,7.4a
1933-09-27,11.1a
1933-09-28,12.5a
1933-09-29,11.2a
1933-09-30,9.8a-9999.9M
1933-10-01,12.5a
1933-10-02,12.8a
1933-10-03,13.1a
1933-10-04,14.0a
1933-10-05,11.2a
1933-10-06,14.0a
1933-10-07,14.5a
1933-10-08,13.1a
1933-10-09,12.2a
1933-10-10,11.5a
1933-10-11,10.1a
1933-10-12,9.3a
1933-10-13,11.5a
1933-10-14,10.4a
1933-10-15,9.0a
1933-10-16,11.9a
1933-10-17,7.7a
1933-10-18,6.0a
1933-10-19,1.5a
1933-10-20,3.7a
1933-10-21,3.2a
1933-10-22,2.3a
1933-10-23,3.7a
1933-10-24,6.2a
1933-10-25,10.0a
1933-10-26,9.5a
1933-10-27,11.3a
1933-10-28,8.3a
1933-10-29,7.6a
1933-10-30,9.2a
1933-10-31,7.4a
1933-11-01,3.1a
1933-11-02,3.5a
1933-11-03,4.6a
1933-11-04,3.0a
1933-11-05,2.6a
1933-11-06,5.4a
1933-11-07,5.7a
1933-11-08,7.9a
1933-11-09,6.3a
1933-11-10,6.5a
1933-11-11,8.1a
1933-11-12,5.7a
1933-11-13,6.7a
1933-11-14,4.6a
1933-11-15,3.5a
1933-11-16,4.1a
1933-11-17,5.2a
1933-11-18,6.3a
1933-11-19,6.4a
1933-11-20,6.6a
1933-11-21,10.2a
1933-11-22,7.3a
1933-11-23,9.6a
1933-11-24,5.1a
1933-11-25,7.6a
1933-11-26,1.0a
1933-11-27,1.3a
1933-11-28,2.4a
1933-11-29,3.7a
1933-11-30,4.3a-9999.9M
1933-12-01,4.6a
1933-12-02,3.5a
1933-12-03,4.0a
1933-12-04,4.0a
1933-12-05,3.7a
1933-12-06,2.7a
1933-12-07,4.8a
1933-12-08,4.0a
1933-12-09,3.2a
1933-12-10,3.4a
1933-12-11,-0.7a
1933-12-12,-4.8a
1933-12-13,-4.8a
1933-12-14,-2.6a
1933-12-15,-7.1a
1933-12-16,-5.7a
1933-12-17,-1.5a
1933-12-18,3.8a
1933-12-19,2.9a
1933-12-20,4.3a
1933-12-21,4.9a
1933-12-22,4.0a
1933-12-23,-0.2a
1933-12-24,-7.4a
1933-12-25,-10.7a
1933-12-26,-9.0a
1933-12-27,-6.2a
1933-12-28,-2.0a
1933-12-29,2.0a
1933-12-30,4.0a
1933-12-31,4.0a
1934-01-01,-0.2a
1934-01-02,1.5a
1934-01-03,3.4a
1934-01-04,4.6a
1934-01-05,5.4a
1934-01-06,-1.3a
1934-01-07,-3.4a
1934-01-08,-2.1a
1934-01-09,-0.4a
1934-01-10,1.5a
1934-01-11,2.8a
1934-01-12,1.5a
1934-01-13,4.3a
1934-01-14,1.5a
1934-01-15,-1.0a
1934-01-16,1.8a
1934-01-17,4.3a
1934-01-18,-2.8a
1934-01-19,1.5a
1934-01-20,3.7a
1934-01-21,6.8a
1934-01-22,3.8a
1934-01-23,2.6a
1934-01-24,-2.2a
1934-01-25,0.5a
1934-01-26,1.5a
1934-01-27,2.7a
1934-01-28,0.2a
1934-01-29,1.4a
1934-01-30,3.4a
1934-01-31,4.6a
1934-02-01,6.6a
1934-02-02,5.5a
1934-02-03,0.7a
1934-02-04,-1.0a
1934-02-05,1.8a
1934-02-06,1.4a
1934-02-07,4.8a
1934-02-08,7.9a
1934-02-09,5.6a
1934-02-10,3.0a
1934-02-11,2.3a
1934-02-12,2.1a
1934-02-13,1.0a
1934-02-14,-1.3a
1934-02-15,-1.8a
1934-02-16,-0.7a
1934-02-17,1.3a
1934-02-18,1.3a
1934-02-19,1.3a
1934-02-20,0.7a
1934-02-21,0.1a
1934-02-22,-1.5a
1934-02-23,-2.3a
1934-02-24,-3.1a
1934-02-25,-2.9a
1934-02-26,0.6a
1934-02-27,5.1a
1934-02-28,7.5a-9999.9M-9999.9M-9999.9M
1934-03-01,6.8a
1934-03-02,9.0a
1934-03-03,9.2a
1934-03-04,6.2a
1934-03-05,0.2a
1934-03-06,1.0a
1934-03-07,2.6a
1934-03-08,3.2a
1934-03-09,2.7a
1934-03-10,3.2a
1934-03-11,5.7a
1934-03-12,7.6a
1934-03-13,3.7a
1934-03-14,3.4a
1934-03-15,5.7a
1934-03-16,6.8a
1934-03-17,2.4a
1934-03-18,4.5a
1934-03-19,10.1a
1934-03-20,7.3a
1934-03-21,7.6a
1934-03-22,4.3a
1934-03-23,3.8a
1934-03-24,4.3a
1934-03-25,5.2a
1934-03-26,3.5a
1934-03-27,4.9a
1934-03-28,5.4a
1934-03-29,8.8a
1934-03-30,9.9a
1934-03-31,6.2a
1934-04-01,6.8a
1934-04-02,7.1a
1934-04-03,6.0a
1934-04-04,11.5a
1934-04-05,8.4a
1934-04-06,10.6a
1934-04-07,13.1a
1934-04-08,10.5a
1934-04-09,10.1a
1934-04-10,10.5a
1934-04-11,9.6a
1934-04-12,11.5a
1934-04-13,13.0a
1934-04-14,7.9a
1934-04-15,5.7a
1934-04-16,11.3a
1934-04-17,12.6a
1934-04-18,11.3a
1934-04-19,13.8a
1934-04-20,15.3a
1934-04-21,16.1a
1934-04-22,17.7a
1934-04-23,18.4a
1934-04-24,17.5a
1934-04-25,19.1a
1934-04-26,19.4a
1934-04-27,12.9a
1934-04-28,16.6a
1934-04-29,11.8a
1934-04-30,9.2a-9999.9M
1934-05-01,11.7a
1934-05-02,9.4a
1934-05-03,13.0a
1934-05-04,16.6a
1934-05-05,13.7a
1934-05-06,11.2a
1934-05-07,12.0a
1934-05-08,11.0a
1934-05-09,11.5a
1934-05-10,11.3a
1934-05-11,12.9a
1934-05-12,13.9a
1934-05-13,14.4a
1934-05-14,15.5a
1934-05-15,19.0a
1934-05-16,15.5a
1934-05-17,11.9a
1934-05-18,11.2a
1934-05-19,13.1a
1934-05-20,11.8a
1934-05-21,12.6a
1934-05-22,17.2a
1934-05-23,17.5a
1934-05-24,19.3a
1934-05-25,20.4a
1934-05-26,18.2a
1934-05-27,19.6a
1934-05-28,22.1a
1934-05-29,21.4a
1934-05-30,16.6a
1934-05-31,14.0a
1934-06-01,14.7a
1934-06-02,14.9a
1934-06-03,16.4a
1934-06-04,14.1a
1934-06-05,17.9a
1934-06-06,19.0a
1934-06-07,20.5a
1934-06-08,21.9a
1934-06-09,21.6a
1934-06-10,21.4a
1934-06-11,22.7a
1934-06-12,20.8a
1934-06-13,19.4a
1934-06-14,19.3a
1934-06-15,19.1a
1934-06-16,21.9a
1934-06-17,18.8a
1934-06-18,16.8a
1934-06-19,18.6a
1934-06-20,17.6a
1934-06-21,18.3a
1934-06-22,19.0a
1934-06-23,16.2a
1934-06-24,18.3a
1934-06-25,19.4a
1934-06-26,21.1a
1934-06-27,20.2a
1934-06-28,16.1a
1934-06-29,17.9a
1934-06-30,19.8a-9999.9M
1934-07-01,21.0a
1934-07-02,16.3a
1934-07-03,18.6a
1934-07-04,20.8a
1934-07-05,24.5a
1934-07-06,24.1a
1934-07-07,18.7a
1934-07-08,17.9a
1934-07-09,22.3a
1934-07-10,18.8a
1934-07-11,18.6a
1934-07-12,18.8a
1934-07-13,15.6a
1934-07-14,20.2a
1934-07-15,18.3a
1934-07-16,22.5a
1934-07-17,19.9a
1934-07-18,18.6a
1934-07-19,20.2a
1934-07-20,16.9a
1934-07-21,16.3a
1934-07-22,16.9a
1934-07-23,19.1a
1934-07-24,21.6a
1934-07-25,24.1a
1934-07-26,25.5a
1934-07-27,25.3a
1934-07-28,27.8a
1934-07-29,24.7a
1934-07-30,21.6a
1934-07-31,20.3a
1934-08-01,18.8a
1934-08-02,19.5a
1934-08-03,15.2a
1934-08-04,16.2a
1934-08-05,19.1a
1934-08-06,20.0a
1934-08-07,17.9a
1934-08-08,19.0a
1934-08-09,20.4a
1934-08-10,21.1a
1934-08-11,20.2a
1934-08-12,19.7a
1934-08-13,20.1a
1934-08-14,22.6a
1934-08-15,23.0a
1934-08-16,23.5a
1934-08-17,22.2a
1934-08-18,20.2a
1934-08-19,19.2a
1934-08-20,22.8a
1934-08-21,20.1a
1934-08-22,19.3a
1934-08-23,21.1a
1934-08-24,21.6a
1934-08-25,21.9a
1934-08-26,21.6a
1934-08-27,22.0a
1934-08-28,23.7a
1934-08-29,20.2a
1934-08-30,19.6a
1934-08-31,15.8a
1934-09-01,19.6a
1934-09-02,19.3a
1934-09-03,19.9a
1934-09-04,19.1a
1934-09-05,20.8a
1934-09-06,16.6a
1934-09-07,15.7a
1934-09-08,14.0a
1934-09-09,13.4a
1934-09-10,12.2a
1934-09-11,9.4a
1934-09-12,10.9a
1934-09-13,11.4a
1934-09-14,9.5a
1934-09-15,11.6a
1934-09-16,16.0a
1934-09-17,15.7a
1934-09-18,16.6a
1934-09-19,15.2a
1934-09-20,9.8a
1934-09-21,11.0a
1934-09-22,7.7a
1934-09-23,7.6a
1934-09-24,10.0a
1934-09-25,8.7a
1934-09-26,11.8a
1934-09-27,9.6a
1934-09-28,14.1a
1934-09-29,12.3a
1934-09-30,15.8a-9999.9M
1934-10-01,9.3a
1934-10-02,10.4a
1934-10-03,12.3a
1934-10-04,8.8a
1934-10-05,13.8a
1934-10-06,12.0a
1934-10-07,12.4a
1934-10-08,12.8a
1934-10-09,16.1a
1934-10-10,15.0a
1934-10-11,14.1a
1934-10-12,12.1a
1934-10-13,12.3a
1934-10-14,7.9a
1934-10-15,6.3a
1934-10-16,6.8a
1934-10-17,8.2a
1934-10-18,5.7a
1934-10-19,8.2a
1934-10-20,11.6a
1934-10-21,9.1a
1934-10-22,8.6a
1934-10-23,6.5a
1934-10-24,7.1a
1934-10-25,7.7a
1934-10-26,5.2a
1934-10-27,5.6a
1934-10-28,6.8a
1934-10-29,6.8a
1934-10-30,9.0a
1934-10-31,7.2a
1934-11-01,7.5a
1934-11-02,8.6a
1934-11-03,6.5a
1934-11-04,6.7a
1934-11-05,8.2a
1934-11-06,8.0a
1934-11-07,7.3a
1934-11-08,7.1a
1934-11-09,4.5a
1934-11-10,5.3a
1934-11-11,4.0a
1934-11-12,5.4a
1934-11-13,8.2a
1934-11-14,9.0a
1934-11-15,9.0a
1934-11-16,8.3a
1934-11-17,4.3a
1934-11-18,3.8a
1934-11-19,5.9a
1934-11-20,4.3a
1934-11-21,3.7a
1934-11-22,5.4a
1934-11-23,6.7a
1934-11-24,6.6a
1934-11-25,2.9a
1934-11-26,6.5a
1934-11-27,6.2a
1934-11-28,1.2a
1934-11-29,1.2a
1934-11-30,2.3a-9999.9M
1934-12-01,2.7a
1934-12-02,1.0a
1934-12-03,0.9a
1934-12-04,2.7a
1934-12-05,0.4a
1934-12-06,0.1a
1934-12-07,-0.7a
1934-12-08,-0.7a
1934-12-09,-0.4a
1934-12-10,0.2a
1934-12-11,0.9a
1934-12-12,2.0a
1934-12-13,2.6a
1934-12-14,4.3a
1934-12-15,3.7a
1934-12-16,2.3a
1934-12-17,2.6a
1934-12-18,2.6a
1934-12-19,2.6a
1934-12-20,3.7a
1934-12-21,3.9a
1934-12-22,2.3a
1934-12-23,1.3a
1934-12-24,0.4a
1934-12-25,-9.6a
1934-12-26,-9.9a
1934-12-27,-9.6a
1934-12-28,-7.9a
1934-12-29,-6.2a
1934-12-30,-4.0a
1934-12-31,-1.2a
1935-01-01,2.9a
1935-01-02,4.3a
1935-01-03,2.0a
1935-01-04,2.3a
1935-01-05,2.3a
1935-01-06,6.0a
1935-01-07,-1.3a
1935-01-08,-1.0a
1935-01-09,0.2a
1935-01-10,-2.1a
1935-01-11,-1.6a
1935-01-12,-5.6a
1935-01-13,-10.4a
1935-01-14,-12.6a
1935-01-15,-11.2a
1935-01-16,-7.9a
1935-01-17,-14.3a
1935-01-18,-22.1a
1935-01-19,-21.8a
1935-01-20,-23.2a
1935-01-21,-14.3a
1935-01-22,-7.4a
1935-01-23,-6.0a
1935-01-24,2.1a
1935-01-25,6.5a
1935-01-26,2.6a
1935-01-27,4.3a
1935-01-28,0.9a
1935-01-29,0.9a
1935-01-30,1.9a
1935-01-31,2.1a
1935-02-01,3.2a
1935-02-02,2.6a
1935-02-03,0.6a
1935-02-04,-0.2a
1935-02-05,0.9a
1935-02-06,1.5a
1935-02-07,0.2a
1935-02-08,-3.9a
1935-02-09,-2.4a
1935-02-10,-1.2a
1935-02-11,1.5a
1935-02-12,0.7a
1935-02-13,1.5a
1935-02-14,2.6a
1935-02-15,1.3a
1935-02-16,3.2a
1935-02-17,4.8a
1935-02-18,1.8a
1935-02-19,2.3a
1935-02-20,3.4a
1935-02-21,4.6a
1935-02-22,3.4a
1935-02-23,2.6a
1935-02-24,2.9a
1935-02-25,0.0a
1935-02-26,-0.6a
1935-02-27,0.7a
1935-02-28,1.9a-9999.9M-9999.9M-9999.9M
1935-03-01,2.7a
1935-03-02,3.2a
1935-03-03,3.2a
1935-03-04,0.2a
1935-03-05,3.0a
1935-03-06,-0.2a
1935-03-07,0.5a
1935-03-08,2.9a
1935-03-09,1.6a
1935-03-10,-1.3a
1935-03-11,0.4a
1935-03-12,5.9a
1935-03-13,10.1a
1935-03-14,8.2a
1935-03-15,5.1a
1935-03-16,3.5a
1935-03-17,3.7a
1935-03-18,5.4a
1935-03-19,4.8a
1935-03-20,1.3a
1935-03-21,2.3a
1935-03-22,4.1a
1935-03-23,5.3a
1935-03-24,6.1a
1935-03-25,3.0a
1935-03-26,3.1a
1935-03-27,1.3a
1935-03-28,5.9a
1935-03-29,5.4a
1935-03-30,-0.4a
1935-03-31,0.9a
1935-04-01,0.0a
1935-04-02,0.2a
1935-04-03,1.6a
1935-04-04,3.1a
1935-04-05,2.4a
1935-04-06,3.5a
1935-04-07,5.1a
1935-04-08,7.3a
1935-04-09,5.9a
1935-04-10,6.9a
1935-04-11,8.1a
1935-04-12,7.1a
1935-04-13,8.6a
1935-04-14,5.1a
1935-04-15,6.0a
1935-04-16,7.7a
1935-04-17,6.8a
1935-04-18,6.8a
1935-04-19,8.2a
1935-04-20,10.2a
1935-04-21,9.5a
1935-04-22,5.9a
1935-04-23,9.3a
1935-04-24,10.6a
1935-04-25,10.7a
1935-04-26,11.2a
1935-04-27,7.9a
1935-04-28,9.0a
1935-04-29,14.0a
1935-04-30,10.2a-9999.9M
1935-05-01,6.8a
1935-05-02,10.1a
1935-05-03,11.8a
1935-05-04,14.2a
1935-05-05,11.2a
1935-05-06,12.8a
1935-05-07,10.7a
1935-05-08,13.1a
1935-05-09,10.4a
1935-05-10,8.8a
1935-05-11,12.7a
1935-05-12,11.3a
1935-05-13,13.6a
1935-05-14,14.2a
1935-05-15,11.1a
1935-05-16,9.0a
1935-05-17,12.7a
1935-05-18,14.0a
1935-05-19,12.9a
1935-05-20,16.1a
1935-05-21,18.3a
1935-05-22,15.6a
1935-05-23,11.1a
1935-05-24,10.2a
1935-05-25,12.7a
1935-05-26,15.6a
1935-05-27,16.4a
1935-05-28,17.4a
1935-05-29,19.1a
1935-05-30,16.1a
1935-05-31,17.4a
1935-06-01,15.1a
1935-06-02,11.8a
1935-06-03,14.7a
1935-06-04,16.9a
1935-06-05,19.8a
1935-06-06,16.2a
1935-06-07,19.1a
1935-06-08,18.3a
1935-06-09,15.6a
1935-06-10,17.9a
1935-06-11,13.9a
1935-06-12,17.7a
1935-06-13,20.0a
1935-06-14,17.6a
1935-06-15,17.5a
1935-06-16,16.6a
1935-06-17,17.5a
1935-06-18,14.2a
1935-06-19,16.2a
1935-06-20,16.2a
1935-06-21,18.6a
1935-06-22,19.9a
1935-06-23,15.5a
1935-06-24,15.2a
1935-06-25,16.9a
1935-06-26,18.9a
1935-06-27,19.3a
1935-06-28,20.0a
1935-06-29,14.4a
1935-06-30,11.5a-9999.9M
1935-07-01,12.1a
1935-07-02,15.1a
1935-07-03,16.3a
1935-07-04,16.2a
1935-07-05,14.6a
1935-07-06,17.4a
1935-07-07,18.9a
1935-07-08,12.7a
1935-07-09,15.6a
1935-07-10,17.3a
1935-07-11,17.4a
1935-07-12,21.3a
1935-07-13,23.8a
1935-07-14,23.7a
1935-07-15,23.7a
1935-07-16,24.7a
1935-07-17,23.3a
1935-07-18,21.6a
1935-07-19,19.4a
1935-07-20,19.9a
1935-07-21,24.4a
1935-07-22,26.2a
1935-07-23,23.6a
1935-07-24,25.0a
1935-07-25,24.2a
1935-07-26,23.1a
1935-07-27,21.4a
1935-07-28,17.1a
1935-07-29,17.6a
1935-07-30,18.0a
1935-07-31,18.2a
1935-08-01,16.6a
1935-08-02,19.6a
1935-08-03,18.9a
1935-08-04,15.0a
1935-08-05,15.7a
1935-08-06,16.4a
1935-08-07,17.4a
1935-08-08,19.6a
1935-08-09,20.2a
1935-08-10,17.6a
1935-08-11,19.0a
1935-08-12,21.0a
1935-08-13,21.3a
1935-08-14,16.3a
1935-08-15,14.5a
1935-08-16,14.2a
1935-08-17,14.3a
1935-08-18,16.0a
1935-08-19,16.6a
1935-08-20,17.7a
1935-08-21,19.9a
1935-08-22,20.8a
1935-08-23,18.1a
1935-08-24,16.5a
1935-08-25,20.4a
1935-08-26,19.6a
1935-08-27,21.3a
1935-08-28,21.6a
1935-08-29,21.3a
1935-08-30,21.1a
1935-08-31,22.4a
1935-09-01,23.0a
1935-09-02,22.7a
1935-09-03,22.8a
1935-09-04,21.1a
1935-09-05,23.1a
1935-09-06,20.5a
1935-09-07,19.2a
1935-09-08,18.0a
1935-09-09,20.2a
1935-09-10,18.6a
1935-09-11,18.9a
1935-09-12,14.5a
1935-09-13,11.3a
1935-09-14,14.9a
1935-09-15,12.6a
1935-09-16,16.3a
1935-09-17,14.4a
1935-09-18,13.7a
1935-09-19,16.4a
1935-09-20,15.1a
1935-09-21,15.2a
1935-09-22,15.4a
1935-09-23,13.9a
1935-09-24,14.1a
1935-09-25,10.7a
1935-09-26,10.7a
1935-09-27,12.1a
1935-09-28,14.0a
1935-09-29,14.5a
1935-09-30,15.2a-9999.9M
1935-10-01,14.7a
1935-10-02,14.5a
1935-10-03,14.9a
1935-10-04,14.4a
1935-10-05,13.8a
1935-10-06,13.1a
1935-10-07,12.3a
1935-10-08,14.8a
1935-10-09,7.6a
1935-10-10,12.6a
1935-10-11,13.4a
1935-10-12,12.7a
1935-10-13,9.5a
1935-10-14,7.9a
1935-10-15,10.9a
1935-10-16,7.0a
1935-10-17,10.2a
1935-10-18,12.6a
1935-10-19,8.9a
1935-10-20,7.1a
1935-10-21,6.5a
1935-10-22,3.4a
1935-10-23,4.6a
1935-10-24,9.0a
1935-10-25,8.5a
1935-10-26,7.9a
1935-10-27,7.9a
1935-10-28,1.2a
1935-10-29,-4.8a
1935-10-30,-3.4a
1935-10-31,-4.9a
1935-11-01,-5.4a
1935-11-02,-5.1a
1935-11-03,-3.2a
1935-11-04,0.0a
1935-11-05,1.8a
1935-11-06,5.4a
1935-11-07,5.7a
1935-11-08,8.8a
1935-11-09,-1.8a
1935-11-10,-2.9a
1935-11-11,0.4a
1935-11-12,1.5a
1935-11-13,1.0a
1935-11-14,2.3a
1935-11-15,4.0a
1935-11-16,5.7a
1935-11-17,3.5a
1935-11-18,2.0a
1935-11-19,2.7a
1935-11-20,3.5a
1935-11-21,0.9a
1935-11-22,1.2a
1935-11-23,2.3a
1935-11-24,3.5a
1935-11-25,4.3a
1935-11-26,3.7a
1935-11-27,1.4a
1935-11-28,3.7a
1935-11-29,5.1a
1935-11-30,3.5a-9999.9M
1935-12-01,3.7a
1935-12-02,2.1a
1935-12-03,0.1a
1935-12-04,-0.7a
1935-12-05,0.2a
1935-12-06,0.5a
1935-12-07,2.0a
1935-12-08,3.5a
1935-12-09,2.0a
1935-12-10,2.6a
1935-12-11,2.6a
1935-12-12,5.4a
1935-12-13,1.6a
1935-12-14,1.5a
1935-12-15,2.3a
1935-12-16,2.1a
1935-12-17,1.5a
1935-12-18,-0.2a
1935-12-19,-2.4a
1935-12-20,-1.4a
1935-12-21,-2.4a
1935-12-22,-2.1a
1935-12-23,-2.7a
1935-12-24,-0.1a
1935-12-25,0.7a
1935-12-26,1.8a
1935-12-27,3.2a
1935-12-28,3.7a
1935-12-29,-0.2a
1935-12-30,2.0a
1935-12-31,3.2a
1936-01-01,3.7a
1936-01-02,5.4a
1936-01-03,0.4a
1936-01-04,1.4a
1936-01-05,0.1a
1936-01-06,-0.1a
1936-01-07,1.4a
1936-01-08,1.8a
1936-01-09,1.0a
1936-01-10,0.6a
1936-01-11,1.7a
1936-01-12,1.8a
1936-01-13,3.2a
1936-01-14,0.2a
1936-01-15,1.2a
1936-01-16,1.2a
1936-01-17,0.4a
1936-01-18,-1.4a
1936-01-19,-3.1a
1936-01-20,-0.8a
1936-01-21,0.5a
1936-01-22,1.0a
1936-01-23,2.6a
1936-01-24,1.2a
1936-01-25,2.3a
1936-01-26,0.1a
1936-01-27,-1.2a
1936-01-28,-1.5a
1936-01-29,-4.8a
1936-01-30,-5.4a
1936-01-31,-5.4a
1936-02-01,-4.8a
1936-02-02,-6.5a
1936-02-03,-8.7a
1936-02-04,-8.2a
1936-02-05,-9.0a
1936-02-06,-16.3a
1936-02-07,-20.1a
1936-02-08,-17.6a
1936-02-09,-11.8a
1936-02-10,-8.7a
1936-02-11,-5.9a
1936-02-12,-12.1a
1936-02-13,-15.4a
1936-02-14,-16.0a
1936-02-15,-18.2a
1936-02-16,-16.3a
1936-02-17,-16.0a
1936-02-18,-13.2a
1936-02-19,-9.8a
1936-02-20,-9.3a
1936-02-21,-8.2a
1936-02-22,-7.3a
1936-02-23,-6.5a
1936-02-24,-10.1a
1936-02-25,-11.8a
1936-02-26,-8.4a
1936-02-27,-5.4a
1936-02-28,1.3a
1936-02-29,5.9a-9999.9M-9999.9M
1936-03-01,2.1a
1936-03-02,5.4a
1936-03-03,5.3a
1936-03-04,2.7a
1936-03-05,3.8a
1936-03-06,5.9a
1936-03-07,4.3a
1936-03-08,5.7a
1936-03-09,4.5a
1936-03-10,2.3a
1936-03-11,1.3a
1936-03-12,4.6a
1936-03-13,6.2a
1936-03-14,2.7a
1936-03-15,4.8a
1936-03-16,4.8a
1936-03-17,6.2a
1936-03-18,5.3a
1936-03-19,7.1a
1936-03-20,4.0a
1936-03-21,3.2a
1936-03-22,1.5a
1936-03-23,0.0a
1936-03-24,2.1a
1936-03-25,3.5a
1936-03-26,5.7a
1936-03-27,1.5a
1936-03-28,-1.8a
1936-03-29,-4.0a
1936-03-30,-4.0a
1936-03-31,-2.4a
1936-04-01,-0.9a
1936-04-02,-1.0a
1936-04-03,1.1a
1936-04-04,2.7a
1936-04-05,5.4a
1936-04-06,8.6a
1936-04-07,10.6a
1936-04-08,7.0a
1936-04-09,10.3a
1936-04-10,11.7a
1936-04-11,14.1a
1936-04-12,11.7a
1936-04-13,14.4a
1936-04-14,13.0a
1936-04-15,10.9a
1936-04-16,11.5a
1936-04-17,12.9a
1936-04-18,15.4a
1936-04-19,15.2a
1936-04-20,13.4a
1936-04-21,11.2a
1936-04-22,10.4a
1936-04-23,11.8a
1936-04-24,9.7a
1936-04-25,10.2a
1936-04-26,8.8a
1936-04-27,10.1a
1936-04-28,11.2a
1936-04-29,12.1a
1936-04-30,12.4a-9999.9M
1936-05-01,15.0a
1936-05-02,10.6a
1936-05-03,11.3a
1936-05-04,9.7a
1936-05-05,10.2a
1936-05-06,13.9a
1936-05-07,9.3a
1936-05-08,14.4a
1936-05-09,11.6a
1936-05-10,13.6a
1936-05-11,13.7a
1936-05-12,14.8a
1936-05-13,14.7a
1936-05-14,14.0a
1936-05-15,13.2a
1936-05-16,15.1a
1936-05-17,13.5a
1936-05-18,12.8a
1936-05-19,15.1a
1936-05-20,9.8a
1936-05-21,14.0a
1936-05-22,14.8a
1936-05-23,14.7a
1936-05-24,14.7a
1936-05-25,17.8a
1936-05-26,19.4a
1936-05-27,22.6a
1936-05-28,22.0a
1936-05-29,19.5a
1936-05-30,23.9a
1936-05-31,23.1a
1936-06-01,21.1a
1936-06-02,17.2a
1936-06-03,13.6a
1936-06-04,14.6a
1936-06-05,16.6a
1936-06-06,14.6a
1936-06-07,13.6a
1936-06-08,14.1a
1936-06-09,16.3a
1936-06-10,15.7a
1936-06-11,16.9a
1936-06-12,16.6a
1936-06-13,16.8a
1936-06-14,19.1a
1936-06-15,15.2a
1936-06-16,18.0a
1936-06-17,12.4a
1936-06-18,16.4a
1936-06-19,15.6a
1936-06-20,18.3a
1936-06-21,21.5a
1936-06-22,22.9a
1936-06-23,24.4a
1936-06-24,23.9a
1936-06-25,21.4a
1936-06-26,21.1a
1936-06-27,20.5a
1936-06-28,18.5a
1936-06-29,18.0a
1936-06-30,16.0a-9999.9M
1936-07-01,21.9a
1936-07-02,19.4a
1936-07-03,21.1a
1936-07-04,19.4a
1936-07-05,20.0a
1936-07-06,19.7a
1936-07-07,20.1a
1936-07-08,19.0a
1936-07-09,18.0a
1936-07-10,18.9a
1936-07-11,19.4a
1936-07-12,18.2a
1936-07-13,19.0a
1936-07-14,19.3a
1936-07-15,19.9a
1936-07-16,19.2a
1936-07-17,22.1a
1936-07-18,23.3a
1936-07-19,24.4a
1936-07-20,25.8a
1936-07-21,25.0a
1936-07-22,25.1a
1936-07-23,22.7a
1936-07-24,21.2a
1936-07-25,19.0a
1936-07-26,20.4a
1936-07-27,23.0a
1936-07-28,23.8a
1936-07-29,24.8a
1936-07-30,24.1a
1936-07-31,22.7a
1936-08-01,23.6a
1936-08-02,22.7a
1936-08-03,23.0a
1936-08-04,24.1a
1936-08-05,22.9a
1936-08-06,23.9a
1936-08-07,21.7a
1936-08-08,21.5a
1936-08-09,22.1a
1936-08-10,22.7a
1936-08-11,24.2a
1936-08-12,23.7a
1936-08-13,24.4a
1936-08-14,22.8a
1936-08-15,21.4a
1936-08-16,18.0a
1936-08-17,17.4a
1936-08-18,20.0a
1936-08-19,20.5a
1936-08-20,20.4a
1936-08-21,21.4a
1936-08-22,20.5a
1936-08-23,18.5a
1936-08-24,16.8a
1936-08-25,18.3a
1936-08-26,18.9a
1936-08-27,20.1a
1936-08-28,21.3a
1936-08-29,21.1a
1936-08-30,19.9a
1936-08-31,15.6a
1936-09-01,17.7a
1936-09-02,16.8a
1936-09-03,18.4a
1936-09-04,20.8a
1936-09-05,20.8a
1936-09-06,22.3a
1936-09-07,19.4a
1936-09-08,15.6a
1936-09-09,16.6a
1936-09-10,14.0a
1936-09-11,11.6a
1936-09-12,12.4a
1936-09-13,9.5a
1936-09-14,10.0a
1936-09-15,10.1a
1936-09-16,9.1a
1936-09-17,9.3a
1936-09-18,14.5a
1936-09-19,14.9a
1936-09-20,13.8a
1936-09-21,11.8a
1936-09-22,14.3a
1936-09-23,10.1a
1936-09-24,12.5a
1936-09-25,12.9a
1936-09-26,12.7a
1936-09-27,13.0a
1936-09-28,13.9a
1936-09-29,13.7a
1936-09-30,14.1a-9999.9M
1936-10-01,11.6a
1936-10-02,11.3a
1936-10-03,12.0a
1936-10-04,14.3a
1936-10-05,11.1a
1936-10-06,11.5a
1936-10-07,14.5a
1936-10-08,14.7a
1936-10-09,12.7a
1936-10-10,12.5a
1936-10-11,12.9a
1936-10-12,11.5a
1936-10-13,10.4a
1936-10-14,11.7a
1936-10-15,12.6a
1936-10-16,12.0a
1936-10-17,12.0a
1936-10-18,10.6a
1936-10-19,10.1a
1936-10-20,7.3a
1936-10-21,3.8a
1936-10-22,9.2a
1936-10-23,11.0a
1936-10-24,13.4a
1936-10-25,10.7a
1936-10-26,8.2a
1936-10-27,7.6a
1936-10-28,5.9a
1936-10-29,6.6a
1936-10-30,9.2a
1936-10-31,5.9a
1936-11-01,1.3a
1936-11-02,-1.5a
1936-11-03,0.7a
1936-11-04,1.3a
1936-11-05,4.0a
1936-11-06,1.5a
1936-11-07,-2.6a
1936-11-08,0.9a
1936-11-09,2.1a
1936-11-10,3.2a
1936-11-11,4.0a
1936-11-12,3.7a
1936-11-13,5.1a
1936-11-14,0.6a
1936-11-15,3.5a
1936-11-16,2.4a
1936-11-17,5.1a
1936-11-18,7.7a
1936-11-19,10.0a
1936-11-20,2.6a
1936-11-21,2.6a
1936-11-22,1.0a
1936-11-23,2.6a
1936-11-24,1.8a
1936-11-25,0.9a
1936-11-26,-0.2a
1936-11-27,-0.7a
1936-11-28,-0.2a
1936-11-29,1.0a
1936-11-30,-0.1a-9999.9M
1936-12-01,0.1a
1936-12-02,0.7a
1936-12-03,-1.0a
1936-12-04,-0.8a
1936-12-05,-6.2a
1936-12-06,-7.0a
1936-12-07,-4.5a
1936-12-08,-4.0a
1936-12-09,-2.9a
1936-12-10,0.4a
1936-12-11,1.3a
1936-12-12,1.6a
1936-12-13,2.8a
1936-12-14,4.5a
1936-12-15,-0.7a
1936-12-16,1.8a
1936-12-17,3.4a
1936-12-18,8.5a
1936-12-19,5.7a
1936-12-20,0.6a
1936-12-21,2.9a
1936-12-22,5.7a
1936-12-23,2.1a
1936-12-24,1.2a
1936-12-25,0.7a
1936-12-26,0.4a
1936-12-27,0.2a
1936-12-28,-1.9a
1936-12-29,-7.0a
1936-12-30,-5.4a
1936-12-31,-5.6a
1937-01-01,-9.6a
1937-01-02,-9.3a
1937-01-03,-7.1a
1937-01-04,-4.2a
1937-01-05,-9.0a
1937-01-06,-14.6a
1937-01-07,-13.7a
1937-01-08,-13.2a
1937-01-09,-10.4a
1937-01-10,-8.5a
1937-01-11,-10.1a
1937-01-12,-9.8a
1937-01-13,-7.1a
1937-01-14,-8.7a
1937-01-15,-10.1a
1937-01-16,-14.9a
1937-01-17,-12.6a
1937-01-18,-10.1a
1937-01-19,-12.4a
1937-01-20,-15.4a
1937-01-21,-12.9a
1937-01-22,-9.8a
1937-01-23,-8.4a
1937-01-24,-7.6a
1937-01-25,-7.1a
1937-01-26,-4.8a
1937-01-27,-6.2a
1937-01-28,-11.8a
1937-01-29,-15.9a
1937-01-30,-17.3a
1937-01-31,-15.9a
1937-02-01,-12.0a
1937-02-02,-9.0a
1937-02-03,-9.0a
1937-02-04,-7.4a
1937-02-05,-7.9a
1937-02-06,-9.3a
1937-02-07,-9.3a
1937-02-08,-14.0a
1937-02-09,-11.8a
1937-02-10,-6.8a
1937-02-11,-1.0a
1937-02-12,2.6a
1937-02-13,-4.6a
1937-02-14,-3.4a
1937-02-15,-0.3a
1937-02-16,3.2a
1937-02-17,3.4a
1937-02-18,-0.9a
1937-02-19,-3.4a
1937-02-20,-6.2a
1937-02-21,-3.4a
1937-02-22,-1.3a
1937-02-23,0.2a
1937-02-24,-0.5a
1937-02-25,-1.8a
1937-02-26,-2.2a
1937-02-27,-2.6a
1937-02-28,-5.4a-9999.9M-9999.9M-9999.9M
1937-03-01,-0.7a
1937-03-02,2.8a
1937-03-03,3.1a
1937-03-04,5.3a
1937-03-05,4.8a
1937-03-06,5.6a
1937-03-07,1.2a
1937-03-08,0.7a
1937-03-09,0.4a
1937-03-10,0.4a
1937-03-11,2.3a
1937-03-12,1.3a
1937-03-13,3.8a
1937-03-14,2.4a
1937-03-15,4.5a
1937-03-16,2.7a
1937-03-17,2.9a
1937-03-18,5.4a
1937-03-19,-0.5a
1937-03-20,0.4a
1937-03-21,1.3a
1937-03-22,3.7a
1937-03-23,4.8a
1937-03-24,3.8a
1937-03-25,3.8a
1937-03-26,5.1a
1937-03-27,6.5a
1937-03-28,3.7a
1937-03-29,5.4a
1937-03-30,6.7a
1937-03-31,3.2a
1937-04-01,4.9a
1937-04-02,5.7a
1937-04-03,6.0a
1937-04-04,4.3a
1937-04-05,6.2a
1937-04-06,7.1a
1937-04-07,4.9a
1937-04-08,5.6a
1937-04-09,6.5a
1937-04-10,8.5a
1937-04-11,8.7a
1937-04-12,7.6a
1937-04-13,10.0a
1937-04-14,5.7a
1937-04-15,8.2a
1937-04-16,8.8a
1937-04-17,8.2a
1937-04-18,10.0a
1937-04-19,9.0a
1937-04-20,6.2a
1937-04-21,7.1a
1937-04-22,5.9a
1937-04-23,5.7a
1937-04-24,7.5a
1937-04-25,7.1a
1937-04-26,9.3a
1937-04-27,8.9a
1937-04-28,8.8a
1937-04-29,10.1a
1937-04-30,12.4a-9999.9M
1937-05-01,12.6a
1937-05-02,14.5a
1937-05-03,15.1a
1937-05-04,13.8a
1937-05-05,9.7a
1937-05-06,7.1a
1937-05-07,9.9a
1937-05-08,12.4a
1937-05-09,8.9a
1937-05-10,8.2a
1937-05-11,12.4a
1937-05-12,8.4a
1937-05-13,12.3a
1937-05-14,13.2a
1937-05-15,10.2a
1937-05-16,7.9a
1937-05-17,10.4a
1937-05-18,14.6a
1937-05-19,10.4a
1937-05-20,13.8a
1937-05-21,12.5a
1937-05-22,12.3a
1937-05-23,13.8a
1937-05-24,15.6a
1937-05-25,16.2a
1937-05-26,14.6a
1937-05-27,16.1a
1937-05-28,13.6a
1937-05-29,12.7a
1937-05-30,14.8a
1937-05-31,17.6a
1937-06-01,19.5a
1937-06-02,21.3a
1937-06-03,17.7a
1937-06-04,16.4a
1937-06-05,17.0a
1937-06-06,17.7a
1937-06-07,20.0a
1937-06-08,17.5a
1937-06-09,19.4a
1937-06-10,14.7a
1937-06-11,16.3a
1937-06-12,16.9a
1937-06-13,16.8a
1937-06-14,18.5a
1937-06-15,20.0a
1937-06-16,16.9a
1937-06-17,14.2a
1937-06-18,13.8a
1937-06-19,15.8a
1937-06-20,17.2a
1937-06-21,17.5a
1937-06-22,16.2a
1937-06-23,13.2a
1937-06-24,16.2a
1937-06-25,16.9a
1937-06-26,18.6a
1937-06-27,22.8a
1937-06-28,24.7a
1937-06-29,25.0a
1937-06-30,21.6a-9999.9M
1937-07-01,19.4a
1937-07-02,18.6a
1937-07-03,19.3a
1937-07-04,21.4a
1937-07-05,19.5a
1937-07-06,17.1a
1937-07-07,18.4a
1937-07-08,22.7a
1937-07-09,21.9a
1937-07-10,21.9a
1937-07-11,23.6a
1937-07-12,23.6a
1937-07-13,20.3a
1937-07-14,18.6a
1937-07-15,21.6a
1937-07-16,23.0a
1937-07-17,25.6a
1937-07-18,24.2a
1937-07-19,23.1a
1937-07-20,20.2a
1937-07-21,23.4a
1937-07-22,20.8a
1937-07-23,22.7a
1937-07-24,25.3a
1937-07-25,26.4a
1937-07-26,25.6a
1937-07-27,26.2a
1937-07-28,20.8a
1937-07-29,20.3a
1937-07-30,14.4a
1937-07-31,14.2a
1937-08-01,15.2a
1937-08-02,19.0a
1937-08-03,21.3a
1937-08-04,23.4a
1937-08-05,22.3a
1937-08-06,19.2a
1937-08-07,16.5a
1937-08-08,17.9a
1937-08-09,19.3a
1937-08-10,20.0a
1937-08-11,19.7a
1937-08-12,25.0a
1937-08-13,22.5a
1937-08-14,14.7a
1937-08-15,13.4a
1937-08-16,17.8a
1937-08-17,16.0a
1937-08-18,15.5a
1937-08-19,18.0a
1937-08-20,18.2a
1937-08-21,19.7a
1937-08-22,15.7a
1937-08-23,15.4a
1937-08-24,15.7a
1937-08-25,18.0a
1937-08-26,16.5a
1937-08-27,14.9a
1937-08-28,13.4a
1937-08-29,15.3a
1937-08-30,16.9a
1937-08-31,21.1a
1937-09-01,18.4a
1937-09-02,19.9a
1937-09-03,21.1a
1937-09-04,22.2a
1937-09-05,18.4a
1937-09-06,16.2a
1937-09-07,16.9a
1937-09-08,18.2a
1937-09-09,18.0a
1937-09-10,19.3a
1937-09-11,17.8a
1937-09-12,20.1a
1937-09-13,20.5a
1937-09-14,20.7a
1937-09-15,20.2a
1937-09-16,19.3a
1937-09-17,20.0a
1937-09-18,17.9a
1937-09-19,18.5a
1937-09-20,19.4a
1937-09-21,15.5a
1937-09-22,13.3a
1937-09-23,11.1a
1937-09-24,9.9a
1937-09-25,11.8a
1937-09-26,10.7a
1937-09-27,13.5a
1937-09-28,9.7a
1937-09-29,10.8a
1937-09-30,10.2a-9999.9M
1937-10-01,12.0a
1937-10-02,11.7a
1937-10-03,10.4a
1937-10-04,11.3a
1937-10-05,8.2a
1937-10-06,9.5a
1937-10-07,11.2a
1937-10-08,11.7a
1937-10-09,11.3a
1937-10-10,12.0a
1937-10-11,11.3a
1937-10-12,11.2a
1937-10-13,12.0a
1937-10-14,10.6a
1937-10-15,10.9a
1937-10-16,9.3a
1937-10-17,10.2a
1937-10-18,12.3a
1937-10-19,8.4a
1937-10-20,8.1a
1937-10-21,11.8a
1937-10-22,12.0a
1937-10-23,10.1a
1937-10-24,11.2a
1937-10-25,11.9a
1937-10-26,10.0a
1937-10-27,12.0a
1937-10-28,14.6a
1937-10-29,7.9a
1937-10-30,5.1a
1937-10-31,5.1a
1937-11-01,4.2a
1937-11-02,4.5a
1937-11-03,7.9a
1937-11-04,2.6a
1937-11-05,7.3a
1937-11-06,3.2a
1937-11-07,5.9a
1937-11-08,7.1a
1937-11-09,6.1a
1937-11-10,5.8a
1937-11-11,4.9a
1937-11-12,3.4a
1937-11-13,-1.6a
1937-11-14,-4.8a
1937-11-15,-2.5a
1937-11-16,0.5a
1937-11-17,2.3a
1937-11-18,0.3a
1937-11-19,-0.8a
1937-11-20,1.9a
1937-11-21,2.8a
1937-11-22,3.2a
1937-11-23,4.9a
1937-11-24,5.1a
1937-11-25,7.5a
1937-11-26,3.2a
1937-11-27,2.0a
1937-11-28,2.0a
1937-11-29,1.2a
1937-11-30,2.3a-9999.9M
1937-12-01,-0.4a
1937-12-02,0.9a
1937-12-03,0.7a
1937-12-04,1.0a
1937-12-05,1.5a
1937-12-06,2.3a
1937-12-07,-0.2a
1937-12-08,-2.4a
1937-12-09,-7.3a
1937-12-10,-4.0a
1937-12-11,-1.1a
1937-12-12,2.1a
1937-12-13,3.2a
1937-12-14,4.8a
1937-12-15,2.6a
1937-12-16,3.7a
1937-12-17,3.8a
1937-12-18,2.6a
1937-12-19,2.3a
1937-12-20,2.1a
1937-12-21,2.1a
1937-12-22,0.2a
1937-12-23,-7.6a
1937-12-24,-6.5a
1937-12-25,-10.9a
1937-12-26,-5.4a
1937-12-27,-6.5a
1937-12-28,-0.1a
1937-12-29,3.2a
1937-12-30,4.9a
1937-12-31,3.7a
1938-01-01,1.8a
1938-01-02,0.9a
1938-01-03,-2.7a
1938-01-04,-1.0a
1938-01-05,-0.7a
1938-01-06,-1.1a
1938-01-07,-1.3a
1938-01-08,-0.2a
1938-01-09,0.4a
1938-01-10,1.7a
1938-01-11,-4.8a
1938-01-12,-2.5a
1938-01-13,0.2a
1938-01-14,1.7a
1938-01-15,2.6a
1938-01-16,-1.0a
1938-01-17,0.6a
1938-01-18,1.0a
1938-01-19,1.5a
1938-01-20,1.4a
1938-01-21,4.3a
1938-01-22,5.1a
1938-01-23,3.2a
1938-01-24,-0.2a
1938-01-25,1.3a
1938-01-26,0.7a
1938-01-27,1.7a
1938-01-28,0.5a
1938-01-29,-8.2a
1938-01-30,-9.6a
1938-01-31,-7.9a
1938-02-01,-6.0a
1938-02-02,-3.7a
1938-02-03,-1.1a
1938-02-04,1.2a
1938-02-05,-0.5a
1938-02-06,3.2a
1938-02-07,1.3a
1938-02-08,0.1a
1938-02-09,0.6a
1938-02-10,1.8a
1938-02-11,-3.9a
1938-02-12,-3.3a
1938-02-13,-3.0a
1938-02-14,-2.7a
1938-02-15,-7.4a
1938-02-16,-9.0a
1938-02-17,-8.2a
1938-02-18,-1.2a
1938-02-19,1.2a
1938-02-20,0.7a
1938-02-21,3.1a
1938-02-22,1.7a
1938-02-23,2.0a
1938-02-24,3.4a
1938-02-25,3.0a
1938-02-26,1.9a
1938-02-27,-1.0a
1938-02-28,-1.5a-9999.9M-9999.9M-9999.9M
1938-03-01,0.4a
1938-03-02,1.7a
1938-03-03,4.3a
1938-03-04,2.9a
1938-03-05,2.9a
1938-03-06,4.3a
1938-03-07,3.9a
1938-03-08,3.8a
1938-03-09,3.5a
1938-03-10,4.0a
1938-03-11,4.8a
1938-03-12,9.3a
1938-03-13,8.8a
1938-03-14,4.8a
1938-03-15,7.1a
1938-03-16,5.4a
1938-03-17,4.9a
1938-03-18,5.6a
1938-03-19,5.6a
1938-03-20,2.0a
1938-03-21,2.3a
1938-03-22,1.3a
1938-03-23,6.2a
1938-03-24,5.3a
1938-03-25,7.6a
1938-03-26,7.9a
1938-03-27,8.9a
1938-03-28,4.5a
1938-03-29,2.3a
1938-03-30,2.6a
1938-03-31,3.8a
1938-04-01,3.2a
1938-04-02,5.1a
1938-04-03,6.2a
1938-04-04,5.9a
1938-04-05,5.9a
1938-04-06,8.5a
1938-04-07,6.2a
1938-04-08,7.0a
1938-04-09,9.1a
1938-04-10,7.1a
1938-04-11,12.0a
1938-04-12,8.2a
1938-04-13,8.2a
1938-04-14,9.1a
1938-04-15,10.0a
1938-04-16,9.2a
1938-04-17,10.0a
1938-04-18,11.8a
1938-04-19,8.5a
1938-04-20,6.5a
1938-04-21,9.5a
1938-04-22,9.1a
1938-04-23,9.6a
1938-04-24,9.3a
1938-04-25,12.7a
1938-04-26,11.2a
1938-04-27,10.4a
1938-04-28,14.6a
1938-04-29,15.0a
1938-04-30,12.5a-9999.9M
1938-05-01,14.0a
1938-05-02,12.0a
1938-05-03,11.5a
1938-05-04,9.2a
1938-05-05,9.8a
1938-05-06,10.9a
1938-05-07,11.2a
1938-05-08,11.4a
1938-05-09,12.5a
1938-05-10,12.0a
1938-05-11,12.7a
1938-05-12,15.4a
1938-05-13,11.1a
1938-05-14,11.8a
1938-05-15,11.6a
1938-05-16,12.2a
1938-05-17,7.7a
1938-05-18,14.2a
1938-05-19,16.1a
1938-05-20,15.6a
1938-05-21,15.9a
1938-05-22,20.2a
1938-05-23,19.9a
1938-05-24,19.1a
1938-05-25,21.1a
1938-05-26,20.4a
1938-05-27,18.8a
1938-05-28,18.8a
1938-05-29,20.0a
1938-05-30,13.4a
1938-05-31,15.3a
1938-06-01,16.6a
1938-06-02,19.0a
1938-06-03,16.8a
1938-06-04,19.7a
1938-06-05,19.2a
1938-06-06,16.8a
1938-06-07,20.7a
1938-06-08,13.4a
1938-06-09,14.2a
1938-06-10,15.9a
1938-06-11,18.6a
1938-06-12,18.9a
1938-06-13,20.5a
1938-06-14,18.8a
1938-06-15,15.5a
1938-06-16,15.5a
1938-06-17,18.0a
1938-06-18,18.4a
1938-06-19,21.3a
1938-06-20,25.0a
1938-06-21,25.0a
1938-06-22,19.2a
1938-06-23,22.5a
1938-06-24,24.2a
1938-06-25,22.5a
1938-06-26,22.8a
1938-06-27,22.2a
1938-06-28,24.2a
1938-06-29,24.8a
1938-06-30,20.5a-9999.9M
1938-07-01,17.5a
1938-07-02,17.7a
1938-07-03,19.3a
1938-07-04,20.8a
1938-07-05,21.7a
1938-07-06,19.0a
1938-07-07,22.7a
1938-07-08,21.7a
1938-07-09,18.9a
1938-07-10,21.4a
1938-07-11,20.6a
1938-07-12,19.7a
1938-07-13,23.0a
1938-07-14,25.3a
1938-07-15,26.4a
1938-07-16,25.6a
1938-07-17,26.7a
1938-07-18,24.7a
1938-07-19,26.4a
1938-07-20,27.0a
1938-07-21,25.9a
1938-07-22,27.8a
1938-07-23,24.7a
1938-07-24,22.0a
1938-07-25,22.1a
1938-07-26,22.2a
1938-07-27,25.3a
1938-07-28,26.1a
1938-07-29,23.3a
1938-07-30,20.7a
1938-07-31,22.2a
1938-08-01,19.4a
1938-08-02,20.0a
1938-08-03,18.7a
1938-08-04,20.7a
1938-08-05,22.8a
1938-08-06,21.4a
1938-08-07,17.2a
1938-08-08,15.4a
1938-08-09,17.4a
1938-08-10,21.3a
1938-08-11,19.6a
1938-08-12,20.8a
1938-08-13,15.5a
1938-08-14,16.5a
1938-08-15,18.8a
1938-08-16,20.2a
1938-08-17,16.6a
1938-08-18,17.4a
1938-08-19,17.3a
1938-08-20,18.1a
1938-08-21,18.1a
1938-08-22,16.0a
1938-08-23,17.0a
1938-08-24,18.4a
1938-08-25,20.1a
1938-08-26,19.6a
1938-08-27,19.1a
1938-08-28,21.9a
1938-08-29,20.5a
1938-08-30,19.9a
1938-08-31,19.0a
1938-09-01,23.4a
1938-09-02,23.3a
1938-09-03,22.5a
1938-09-04,18.4a
1938-09-05,14.6a
1938-09-06,15.1a
1938-09-07,16.5a
1938-09-08,15.2a
1938-09-09,14.6a
1938-09-10,17.7a
1938-09-11,17.0a
1938-09-12,18.2a
1938-09-13,18.2a
1938-09-14,19.3a
1938-09-15,19.7a
1938-09-16,19.1a
1938-09-17,20.0a
1938-09-18,18.8a
1938-09-19,22.5a
1938-09-20,22.8a
1938-09-21,17.9a
1938-09-22,18.2a
1938-09-23,16.8a
1938-09-24,14.9a
1938-09-25,16.3a
1938-09-26,16.5a
1938-09-27,16.1a
1938-09-28,16.2a
1938-09-29,18.2a
1938-09-30,15.9a-9999.9M
1938-10-01,16.2a
1938-10-02,14.8a
1938-10-03,14.1a
1938-10-04,15.7a
1938-10-05,12.0a
1938-10-06,12.5a
1938-10-07,12.3a
1938-10-08,13.4a
1938-10-09,12.9a
1938-10-10,14.6a
1938-10-11,14.0a
